Inoculum 1,1,1,15.46,0.0,5.0
Hour,Volume(ml),Volume From Sample(ml),Volume/Gram(ml/g),Innoculum Avg(ml/g),Total Evolved(ml)
4.642,0,0,0.307,4.75,0
9.284,0,0,0.615,9.5,0
9.284,0,0,0.615,9.501,0
4.642,0,0,0.307,4.751,0
9.285,0,0,0.615,9.502,0
4.643,0,0,0.307,4.751,0
9.286,0,0,0.615,9.502,0
9.285,0,0,0.615,9.502,0
4.643,0,0,0.307,4.751,0
9.285,0,0,0.615,9.502,0
4.643,0,0,0.307,4.751,0
9.286,0,0,0.615,9.502,0
9.286,0,0,0.615,9.503,0
4.643,0,0,0.307,4.752,0
9.286,0,0,0.615,9.503,0
4.643,0,0,0.307,4.752,0
9.286,0,0,0.615,9.503,0
9.288,0,0,0.615,9.504,0
4.644,0,0,0.307,4.752,0
9.288,0,0,0.615,9.505,0
4.644,0,0,0.307,4.752,0
9.288,0,0,0.615,9.505,0
9.289,0,0,0.615,9.505,0
4.645,0,0,0.307,4.752,0
9.289,0,0,0.615,9.503,0
4.645,0,0,0.307,4.753,0
9.29,0,0,0.615,9.506,0
9.284,0,0,0.615,9.505,0
4.645,0,0,0.307,4.753,0
9.29,0,0,0.615,9.506,0
4.643,0,0,0.307,4.75,0
9.289,0,0,0.615,9.504,0
9.285,0,0,0.615,9.502,0
4.642,0,0,0.307,4.75,0
9.284,0,0,0.615,9.5,0
4.642,0,0,0.307,4.75,0
9.284,0,0,0.615,9.5,0
9.284,0,0,0.511,7.904,0
4.644,0,0,0.411,6.347,0
9.285,0,0,0.615,9.501,0
4.642,0,0,0.307,4.751,0
9.284,0,0,0.615,9.501,0
9.285,0,0,0.511,7.905,0
4.642,0,0,0.41,6.346,0
9.284,0,0,0.511,7.905,0
4.642,0,0,0.41,6.346,0
9.284,0,0,0.615,9.502,0
9.286,0,0,0.407,6.299,0
4.642,0,0,0.515,7.956,0
9.287,0,0,0.511,7.907,0
4.642,0,0,0.411,6.347,0
9.286,0,0,0.615,9.503,0
9.285,0,0,0.407,6.3,0
4.644,0,0,0.515,7.956,0
9.286,0,0,0.407,6.299,0
4.643,0,0,0.515,7.954,0
9.285,0,0,0.615,9.502,0
9.285,0,0,0.407,6.298,0
4.642,0,0,0.514,7.954,0
9.285,0,0,0.407,6.298,0
4.642,0,0,0.514,7.954,0
9.285,0,0,0.615,9.501,0
4.642,0,0,0.307,4.75,0
9.286,0,0,0.615,9.502,0
4.642,0,0,0.307,4.751,0
9.286,0,0,0.615,9.502,0
9.288,0,0,0.615,9.506,0
4.646,0,0,0.308,4.754,0
9.298,0,0,0.616,9.516,0
4.655,0,0,0.308,4.763,0
9.303,0,0,0.616,9.52,0
9.295,0,0,0.615,9.512,0
4.651,0,0,0.308,4.76,0
9.309,0,0,0.616,9.526,0
4.651,0,0,0.308,4.759,0
9.304,0,0,0.616,9.519,0
9.302,0,0,0.616,9.519,0
4.651,0,0,0.308,4.76,0
9.302,0,0,0.616,9.519,0
4.651,0,0,0.308,4.76,0
9.302,0,0,0.616,9.519,0
9.302,0,0,0.616,9.519,0
4.651,0,0,0.308,4.76,0
9.306,0,0,0.616,9.524,0
4.655,0,0,0.308,4.763,0
9.31,0,0,0.616,9.525,0
9.31,0,0,0.616,9.527,0
4.655,0,0,0.308,4.764,0
9.31,0,0,0.616,9.527,0
4.655,0,0,0.308,4.763,0
9.309,0,0,0.616,9.526,0
9.309,0,0,0.616,9.525,0
4.658,0,0,0.308,4.765,0
9.312,0,0,0.616,9.526,0
4.654,0,0,0.308,4.765,0
9.319,0,0,0.617,9.533,0
9.316,0,0,0.617,9.534,0
4.659,0,0,0.308,4.768,0
9.318,0,0,0.617,9.535,0
4.659,0,0,0.308,4.768,0
9.318,0,0,0.617,9.535,0
9.316,0,0,0.617,9.535,0
4.657,0,0,0.308,4.767,0
9.319,0,0,0.617,9.536,0
4.659,0,0,0.308,4.768,0
9.318,0,0,0.617,9.535,0
9.313,0,0,0.616,9.529,0
4.659,0,0,0.308,4.768,0
9.315,0,0,0.617,9.532,0
4.654,0,0,0.308,4.762,0
9.315,0,0,0.617,9.534,0
9.309,0,0,0.616,9.527,0
4.655,0,0,0.308,4.763,0
9.309,0,0,0.616,9.526,0
4.654,0,0,0.308,4.763,0
9.309,0,0,0.616,9.526,0
9.309,0,0,0.513,7.926,0
4.655,0,0,0.412,6.363,0
9.309,0,0,0.616,9.526,0
4.654,0,0,0.308,4.763,0
9.309,0,0,0.616,9.526,0
9.308,0,0,0.513,7.925,0
4.654,0,0,0.412,6.362,0
9.308,0,0,0.513,7.925,0
4.654,0,0,0.412,6.362,0
9.307,0,0,0.616,9.524,0
9.307,0,0,0.408,6.313,0
4.654,0,0,0.516,7.973,0
9.307,0,0,0.513,7.925,0
4.654,0,0,0.412,6.362,0
9.307,0,0,0.616,9.525,0
9.307,0,0,0.408,6.313,0
4.654,0,0,0.516,7.973,0
9.304,0,0,0.408,6.311,0
4.654,0,0,0.516,7.973,0
9.308,0,0,0.616,9.525,0
4.654,0,0,0.308,4.763,0
9.305,0,0,0.616,9.523,0
9.308,0,0,0.408,6.313,0
4.654,0,0,0.516,7.973,0
9.305,0,0,0.616,9.521,0
4.65,0,0,0.308,4.76,0
9.301,0,0,0.616,9.519,0
4.65,0,0,0.308,4.76,0
4.652,0,0,0.308,4.761,0
Day,Volume(ml),Volume From Sample(ml),Volume/Gram(ml/g),Innoculum Avg(ml/g),Total Evolved(ml)
176.439,0,0,11.679,180.555,0
181.071,0,0,11.778,182.09,0
176.481,0,0,11.889,183.807,0
176.836,0,0,11.705,180.956,0
176.956,0,0,11.713,181.086,0
176.823,0,0,11.704,180.949,0
4.652,0,0,0.308,4.761,0
Inoculum 2,1,1,15.48,0.0,5.2
Hour,Volume(ml),Volume From Sample(ml),Volume/Gram(ml/g),Innoculum Avg(ml/g),Total Evolved(ml)
4.827,0,0,0.307,4.756,0
9.655,0,0,0.615,9.513,0
9.655,0,0,0.615,9.513,0
4.828,0,0,0.307,4.757,0
9.656,0,0,0.615,9.514,0
4.829,0,0,0.307,4.757,0
9.657,0,0,0.615,9.515,0
9.657,0,0,0.615,9.515,0
4.829,0,0,0.307,4.758,0
9.657,0,0,0.615,9.514,0
4.829,0,0,0.307,4.757,0
9.657,0,0,0.615,9.515,0
9.658,0,0,0.615,9.515,0
4.829,0,0,0.307,4.758,0
9.658,0,0,0.615,9.515,0
4.829,0,0,0.307,4.758,0
9.658,0,0,0.615,9.516,0
9.659,0,0,0.615,9.517,0
4.83,0,0,0.307,4.759,0
9.66,0,0,0.615,9.517,0
4.83,0,0,0.307,4.759,0
9.66,0,0,0.615,9.517,0
9.66,0,0,0.615,9.517,0
4.828,0,0,0.307,4.758,0
9.659,0,0,0.615,9.516,0
4.83,0,0,0.307,4.759,0
9.661,0,0,0.615,9.518,0
9.662,0,0,0.615,9.517,0
4.831,0,0,0.307,4.759,0
9.66,0,0,0.615,9.518,0
4.827,0,0,0.307,4.756,0
9.66,0,0,0.615,9.517,0
9.655,0,0,0.615,9.514,0
4.828,0,0,0.307,4.756,0
9.655,0,0,0.615,9.513,0
4.828,0,0,0.307,4.756,0
9.655,0,0,0.615,9.513,0
9.655,0,0,0.511,7.915,0
4.828,0,0,0.411,6.355,0
9.656,0,0,0.615,9.513,0
4.828,0,0,0.307,4.757,0
9.655,0,0,0.615,9.513,0
9.656,0,0,0.511,7.915,0
4.828,0,0,0.41,6.354,0
9.655,0,0,0.511,7.915,0
4.828,0,0,0.41,6.354,0
9.658,0,0,0.615,9.514,0
4.83,0,0,0.407,6.307,0
9.662,0,0,0.515,7.967,0
9.657,0,0,0.511,7.917,0
4.828,0,0,0.411,6.355,0
9.657,0,0,0.615,9.515,0
4.83,0,0,0.407,6.308,0
9.656,0,0,0.515,7.967,0
4.828,0,0,0.407,6.307,0
9.656,0,0,0.515,7.965,0
9.657,0,0,0.615,9.514,0
4.828,0,0,0.407,6.306,0
9.656,0,0,0.514,7.964,0
4.828,0,0,0.407,6.306,0
9.656,0,0,0.514,7.964,0
9.655,0,0,0.615,9.513,0
4.828,0,0,0.307,4.757,0
9.658,0,0,0.615,9.515,0
4.828,0,0,0.307,4.757,0
9.658,0,0,0.615,9.515,0
9.66,0,0,0.615,9.518,0
4.832,0,0,0.308,4.761,0
9.671,0,0,0.616,9.529,0
4.839,0,0,0.308,4.769,0
9.675,0,0,0.616,9.532,0
9.667,0,0,0.615,9.525,0
4.837,0,0,0.308,4.766,0
9.681,0,0,0.616,9.539,0
4.837,0,0,0.308,4.766,0
9.674,0,0,0.616,9.532,0
9.674,0,0,0.616,9.532,0
4.837,0,0,0.308,4.766,0
9.674,0,0,0.616,9.531,0
4.837,0,0,0.308,4.766,0
9.674,0,0,0.616,9.531,0
9.674,0,0,0.616,9.531,0
4.837,0,0,0.308,4.767,0
9.679,0,0,0.616,9.536,0
4.839,0,0,0.308,4.769,0
9.679,0,0,0.616,9.538,0
9.682,0,0,0.616,9.539,0
4.841,0,0,0.308,4.77,0
9.682,0,0,0.616,9.54,0
4.841,0,0,0.308,4.769,0
9.681,0,0,0.616,9.539,0
9.68,0,0,0.616,9.538,0
4.844,0,0,0.308,4.771,0
9.68,0,0,0.616,9.539,0
4.844,0,0,0.308,4.771,0
9.687,0,0,0.617,9.545,0
9.689,0,0,0.617,9.546,0
4.845,0,0,0.308,4.774,0
9.691,0,0,0.617,9.548,0
4.845,0,0,0.308,4.774,0
9.69,0,0,0.617,9.548,0
9.691,0,0,0.617,9.547,0
4.845,0,0,0.308,4.773,0
9.691,0,0,0.617,9.548,0
4.845,0,0,0.308,4.774,0
9.691,0,0,0.617,9.547,0
9.683,0,0,0.616,9.541,0
4.845,0,0,0.308,4.774,0
9.685,0,0,0.617,9.544,0
4.84,0,0,0.308,4.768,0
9.69,0,0,0.617,9.546,0
9.684,0,0,0.616,9.539,0
4.841,0,0,0.308,4.769,0
9.681,0,0,0.616,9.538,0
4.84,0,0,0.308,4.769,0
9.681,0,0,0.616,9.538,0
9.681,0,0,0.513,7.936,0
4.841,0,0,0.412,6.371,0
9.681,0,0,0.616,9.538,0
4.84,0,0,0.308,4.769,0
9.68,0,0,0.616,9.538,0
9.68,0,0,0.513,7.936,0
4.84,0,0,0.412,6.371,0
9.68,0,0,0.513,7.935,0
4.84,0,0,0.412,6.37,0
9.68,0,0,0.616,9.537,0
4.84,0,0,0.408,6.322,0
9.68,0,0,0.516,7.984,0
9.68,0,0,0.513,7.935,0
4.84,0,0,0.412,6.37,0
9.68,0,0,0.616,9.537,0
4.84,0,0,0.408,6.322,0
9.68,0,0,0.516,7.983,0
4.84,0,0,0.408,6.319,0
9.679,0,0,0.516,7.984,0
9.68,0,0,0.616,9.538,0
4.84,0,0,0.308,4.769,0
9.679,0,0,0.616,9.536,0
4.84,0,0,0.408,6.321,0
9.679,0,0,0.516,7.983,0
9.675,0,0,0.616,9.533,0
4.838,0,0,0.308,4.766,0
9.677,0,0,0.616,9.531,0
4.838,0,0,0.308,4.766,0
4.836,0,0,0.308,4.767,0
Day,Volume(ml),Volume From Sample(ml),Volume/Gram(ml/g),Innoculum Avg(ml/g),Total Evolved(ml)
183.496,0,0,11.679,180.789,0
183.486,0,0,11.778,182.326,0
188.371,0,0,11.889,184.045,0
183.899,0,0,11.705,181.19,0
184.039,0,0,11.713,181.32,0
183.903,0,0,11.704,181.183,0
4.836,0,0,0.308,4.767,0
Inoculum 3,1,1,15.5,0.0,5.17
Hour,Volume(ml),Volume From Sample(ml),Volume/Gram(ml/g),Innoculum Avg(ml/g),Total Evolved(ml)
4.799,0,0,0.307,4.762,0
9.599,0,0,0.615,9.525,0
9.6,0,0,0.615,9.525,0
4.801,0,0,0.307,4.763,0
9.601,0,0,0.615,9.526,0
4.801,0,0,0.307,4.764,0
9.601,0,0,0.615,9.527,0
9.601,0,0,0.615,9.527,0
4.801,0,0,0.307,4.764,0
9.601,0,0,0.615,9.527,0
4.801,0,0,0.307,4.764,0
9.601,0,0,0.615,9.527,0
9.602,0,0,0.615,9.528,0
4.801,0,0,0.307,4.764,0
9.602,0,0,0.615,9.528,0
4.801,0,0,0.307,4.764,0
9.603,0,0,0.615,9.528,0
9.604,0,0,0.615,9.529,0
4.802,0,0,0.307,4.765,0
9.604,0,0,0.615,9.529,0
4.802,0,0,0.307,4.765,0
9.604,0,0,0.615,9.53,0
9.604,0,0,0.615,9.53,0
4.802,0,0,0.307,4.765,0
9.6,0,0,0.615,9.528,0
4.802,0,0,0.307,4.765,0
9.605,0,0,0.615,9.531,0
9.605,0,0,0.615,9.529,0
4.801,0,0,0.307,4.765,0
9.606,0,0,0.615,9.531,0
4.799,0,0,0.307,4.763,0
9.602,0,0,0.615,9.529,0
9.603,0,0,0.615,9.526,0
4.8,0,0,0.307,4.762,0
9.599,0,0,0.615,9.525,0
4.8,0,0,0.307,4.763,0
9.599,0,0,0.615,9.525,0
4.8,0,0,0.511,7.925,0
9.6,0,0,0.411,6.363,0
9.6,0,0,0.615,9.526,0
4.8,0,0,0.307,4.763,0
9.6,0,0,0.615,9.525,0
4.8,0,0,0.511,7.926,0
9.599,0,0,0.41,6.363,0
4.8,0,0,0.511,7.925,0
9.599,0,0,0.41,6.362,0
9.602,0,0,0.615,9.527,0
4.8,0,0,0.407,6.315,0
9.602,0,0,0.515,7.977,0
4.802,0,0,0.511,7.928,0
9.602,0,0,0.411,6.364,0
9.602,0,0,0.615,9.527,0
4.804,0,0,0.407,6.316,0
9.606,0,0,0.515,7.977,0
4.801,0,0,0.407,6.315,0
9.601,0,0,0.515,7.975,0
9.601,0,0,0.615,9.527,0
4.8,0,0,0.407,6.314,0
9.6,0,0,0.514,7.974,0
4.8,0,0,0.407,6.314,0
9.6,0,0,0.514,7.974,0
9.6,0,0,0.615,9.526,0
4.8,0,0,0.307,4.763,0
9.6,0,0,0.615,9.527,0
4.8,0,0,0.307,4.763,0
9.6,0,0,0.615,9.527,0
9.608,0,0,0.615,9.531,0
4.804,0,0,0.308,4.767,0
9.617,0,0,0.616,9.541,0
4.813,0,0,0.308,4.775,0
9.619,0,0,0.616,9.544,0
9.612,0,0,0.615,9.537,0
4.811,0,0,0.308,4.772,0
9.626,0,0,0.616,9.551,0
4.809,0,0,0.308,4.772,0
9.618,0,0,0.616,9.544,0
9.619,0,0,0.616,9.544,0
4.809,0,0,0.308,4.772,0
9.618,0,0,0.616,9.544,0
4.809,0,0,0.308,4.772,0
9.618,0,0,0.616,9.543,0
9.619,0,0,0.616,9.544,0
4.811,0,0,0.308,4.773,0
9.625,0,0,0.616,9.549,0
4.813,0,0,0.308,4.775,0
9.625,0,0,0.616,9.55,0
9.626,0,0,0.616,9.552,0
4.814,0,0,0.308,4.776,0
9.627,0,0,0.616,9.552,0
4.813,0,0,0.308,4.776,0
9.626,0,0,0.616,9.551,0
9.625,0,0,0.616,9.55,0
4.813,0,0,0.308,4.778,0
9.625,0,0,0.616,9.551,0
4.816,0,0,0.308,4.777,0
9.629,0,0,0.617,9.557,0
9.633,0,0,0.617,9.558,0
4.817,0,0,0.308,4.78,0
9.635,0,0,0.617,9.56,0
4.817,0,0,0.308,4.78,0
9.634,0,0,0.617,9.56,0
9.635,0,0,0.617,9.56,0
4.817,0,0,0.308,4.779,0
9.635,0,0,0.617,9.56,0
4.817,0,0,0.308,4.78,0
9.634,0,0,0.617,9.56,0
9.627,0,0,0.616,9.553,0
4.817,0,0,0.308,4.78,0
9.633,0,0,0.617,9.557,0
4.812,0,0,0.308,4.775,0
9.634,0,0,0.617,9.559,0
9.625,0,0,0.616,9.551,0
4.812,0,0,0.308,4.775,0
9.625,0,0,0.616,9.55,0
4.813,0,0,0.308,4.775,0
9.625,0,0,0.616,9.551,0
4.812,0,0,0.513,7.946,0
9.625,0,0,0.412,6.38,0
9.625,0,0,0.616,9.55,0
4.812,0,0,0.308,4.775,0
9.625,0,0,0.616,9.55,0
4.812,0,0,0.513,7.946,0
9.624,0,0,0.412,6.379,0
4.812,0,0,0.513,7.946,0
9.624,0,0,0.412,6.379,0
9.624,0,0,0.616,9.549,0
4.812,0,0,0.408,6.33,0
9.624,0,0,0.516,7.994,0
4.812,0,0,0.513,7.945,0
9.624,0,0,0.412,6.378,0
9.624,0,0,0.616,9.549,0
4.812,0,0,0.408,6.33,0
9.622,0,0,0.516,7.993,0
4.808,0,0,0.408,6.327,0
9.625,0,0,0.516,7.994,0
9.625,0,0,0.616,9.55,0
4.812,0,0,0.308,4.775,0
9.625,0,0,0.616,9.548,0
4.809,0,0,0.408,6.329,0
9.623,0,0,0.516,7.993,0
9.621,0,0,0.616,9.546,0
4.809,0,0,0.308,4.772,0
9.617,0,0,0.616,9.544,0
4.809,0,0,0.308,4.772,0
4.812,0,0,0.308,4.773,0
Day,Volume(ml),Volume From Sample(ml),Volume/Gram(ml/g),Innoculum Avg(ml/g),Total Evolved(ml)
182.438,0,0,11.679,181.022,0
182.421,0,0,11.778,182.561,0
187.295,0,0,11.889,184.282,0
182.843,0,0,11.705,181.424,0
182.974,0,0,11.713,181.555,0
182.831,0,0,11.704,181.417,0
4.812,0,0,0.308,4.773,0
Cellu 10,1,0,14.27,2.39,5.17
Hour,Volume(ml),Volume From Sample(ml),Volume/Gram(ml/g),Innoculum Avg(ml/g),Total Evolved(ml)
9.599,5.215,2.182,0.307,4.384,5.215
14.399,5.63,2.356,0.615,8.769,10.845
9.6,0.831,0.347,0.615,8.769,11.675
9.6,5.215,2.182,0.307,4.385,16.89
14.401,5.631,2.356,0.615,8.77,22.521
9.601,5.216,2.182,0.307,4.385,27.737
14.402,5.631,2.356,0.615,8.771,33.368
9.602,0.831,0.348,0.615,8.771,34.198
9.602,5.216,2.182,0.307,4.386,39.415
14.407,5.637,2.358,0.615,8.771,45.051
9.601,5.216,2.182,0.307,4.385,50.267
9.602,0.831,0.348,0.615,8.771,51.098
14.403,5.632,2.356,0.615,8.772,56.73
9.602,5.216,2.182,0.307,4.386,61.946
14.403,5.631,2.356,0.615,8.772,67.577
9.602,5.216,2.183,0.307,4.386,72.793
9.602,0.83,0.347,0.615,8.772,73.624
14.405,5.632,2.356,0.615,8.773,79.256
9.604,5.217,2.183,0.307,4.387,84.473
14.406,5.633,2.357,0.615,8.773,90.106
9.604,5.218,2.183,0.307,4.387,95.323
9.604,0.831,0.348,0.615,8.773,96.155
14.406,5.633,2.357,0.615,8.774,101.787
9.603,5.217,2.183,0.307,4.386,107.004
14.406,5.634,2.357,0.615,8.772,112.638
9.605,5.218,2.183,0.307,4.387,117.855
9.605,0.831,0.348,0.615,8.774,118.687
9.605,0.832,0.348,0.615,8.773,119.519
14.409,10.022,4.193,0.307,4.387,129.541
14.409,5.634,2.357,0.615,8.774,135.175
9.598,5.214,2.181,0.307,4.385,140.389
9.601,0.828,0.346,0.615,8.773,141.217
9.603,0.833,0.348,0.615,8.77,142.05
14.401,10.016,4.191,0.307,4.384,152.066
9.599,0.83,0.347,0.615,8.769,152.896
14.402,10.017,4.191,0.307,4.385,162.913
9.599,0.83,0.347,0.615,8.769,163.744
9.599,2.303,0.964,0.511,7.296,166.047
14.4,8.542,3.574,0.411,5.858,174.589
9.6,0.831,0.348,0.615,8.77,175.419
14.4,10.015,4.19,0.307,4.385,185.434
9.599,0.83,0.347,0.615,8.769,186.264
9.6,2.303,0.964,0.511,7.297,188.567
14.4,8.542,3.574,0.41,5.858,197.109
9.6,2.303,0.964,0.511,7.296,199.413
14.399,8.542,3.574,0.41,5.857,207.954
9.6,0.83,0.347,0.615,8.771,208.784
9.606,3.792,1.586,0.407,5.814,212.576
14.408,7.064,2.956,0.515,7.344,219.64
9.602,2.304,0.964,0.511,7.298,221.943
14.404,8.546,3.576,0.411,5.859,230.489
9.602,0.831,0.348,0.615,8.771,231.319
9.602,3.787,1.585,0.407,5.815,235.107
14.401,7.057,2.953,0.515,7.344,242.163
9.6,3.786,1.584,0.407,5.814,245.95
14.401,7.059,2.954,0.515,7.342,253.009
9.601,0.83,0.347,0.615,8.771,253.84
9.601,3.787,1.585,0.407,5.813,257.627
14.4,7.059,2.953,0.514,7.342,264.686
9.6,3.787,1.585,0.407,5.813,268.473
14.402,7.061,2.954,0.514,7.342,275.533
9.599,0.83,0.347,0.615,8.77,276.363
9.6,5.215,2.182,0.307,4.385,281.578
14.402,5.631,2.356,0.615,8.771,287.209
9.6,5.215,2.182,0.307,4.385,292.425
14.404,5.633,2.357,0.615,8.771,298.057
9.606,0.831,0.348,0.615,8.774,298.889
9.608,5.219,2.184,0.308,4.388,304.108
14.422,5.638,2.359,0.616,8.784,309.746
9.623,5.226,2.187,0.308,4.396,314.973
14.421,5.634,2.357,0.616,8.787,320.607
9.612,0.831,0.348,0.615,8.78,321.438
9.621,5.227,2.187,0.308,4.394,326.665
14.439,5.646,2.362,0.616,8.793,332.312
9.618,5.225,2.186,0.308,4.393,337.537
14.427,5.64,2.36,0.616,8.787,343.177
9.619,0.832,0.348,0.616,8.787,344.009
9.619,5.226,2.186,0.308,4.393,349.234
14.428,5.641,2.36,0.616,8.786,354.876
9.619,5.225,2.186,0.308,4.393,360.101
14.427,5.641,2.36,0.616,8.786,365.742
9.62,0.834,0.349,0.616,8.786,366.575
9.618,5.224,2.186,0.308,4.394,371.799
14.432,5.641,2.36,0.616,8.791,377.441
9.625,5.228,2.188,0.308,4.396,382.669
9.623,0.831,0.348,0.616,8.792,383.5
14.441,5.647,2.363,0.616,8.794,389.147
9.627,5.23,2.188,0.308,4.397,394.377
14.44,5.646,2.362,0.616,8.794,400.023
9.626,5.229,2.188,0.308,4.397,405.252
9.629,0.836,0.35,0.616,8.793,406.088
14.438,5.646,2.362,0.616,8.792,411.734
9.625,5.226,2.187,0.308,4.398,416.96
14.441,5.648,2.363,0.616,8.793,422.608
9.628,5.23,2.188,0.308,4.398,427.838
9.635,0.837,0.35,0.617,8.799,428.675
14.452,5.653,2.365,0.617,8.8,434.327
9.635,5.234,2.19,0.308,4.401,439.561
14.452,5.651,2.364,0.617,8.802,445.212
9.634,5.233,2.189,0.308,4.401,450.445
9.634,0.833,0.349,0.617,8.801,451.278
14.452,5.651,2.364,0.617,8.801,456.929
9.633,5.233,2.189,0.308,4.4,462.162
14.453,5.651,2.365,0.617,8.802,467.813
9.635,5.234,2.19,0.308,4.401,473.048
9.631,0.83,0.347,0.617,8.801,473.878
9.629,0.834,0.349,0.616,8.795,474.712
14.443,10.042,4.202,0.308,4.401,484.754
14.45,5.652,2.365,0.617,8.798,490.406
9.63,5.234,2.19,0.308,4.396,495.64
9.63,0.83,0.347,0.617,8.8,496.47
9.63,0.837,0.35,0.616,8.793,497.307
14.441,10.045,4.203,0.308,4.396,507.352
9.626,0.833,0.349,0.616,8.793,508.185
14.437,10.041,4.201,0.308,4.396,518.226
9.625,0.832,0.348,0.616,8.793,519.059
9.625,2.309,0.966,0.513,7.316,521.368
14.437,8.564,3.583,0.412,5.873,529.932
9.625,0.832,0.348,0.616,8.793,530.764
14.438,10.042,4.202,0.308,4.396,540.806
9.625,0.832,0.348,0.616,8.792,541.638
9.625,2.309,0.966,0.513,7.315,543.947
14.437,8.564,3.583,0.412,5.873,552.512
9.625,2.31,0.966,0.513,7.315,554.821
14.436,8.564,3.583,0.412,5.872,563.385
9.624,0.832,0.348,0.616,8.791,564.217
9.624,3.796,1.588,0.408,5.827,568.013
14.436,7.076,2.961,0.516,7.36,575.089
9.624,2.309,0.966,0.513,7.315,577.399
14.436,8.563,3.583,0.412,5.872,585.962
9.624,0.832,0.348,0.616,8.791,586.794
9.624,3.796,1.588,0.408,5.827,590.59
14.436,7.077,2.961,0.516,7.359,597.667
9.624,3.799,1.589,0.408,5.825,601.466
14.435,7.075,2.96,0.516,7.36,608.541
9.625,0.833,0.348,0.616,8.792,609.374
9.624,5.228,2.187,0.308,4.396,614.602
14.433,5.643,2.361,0.616,8.79,620.245
9.621,3.794,1.587,0.408,5.827,624.039
14.429,7.07,2.958,0.516,7.359,631.108
9.619,0.831,0.348,0.616,8.788,631.939
9.619,5.226,2.187,0.308,4.393,637.165
14.429,5.643,2.361,0.616,8.786,642.808
9.621,5.228,2.187,0.308,4.393,648.036
4.812,0.418,0.175,0.308,4.394,648.454
Day,Volume(ml),Volume From Sample(ml),Volume/Gram(ml/g),Innoculum Avg(ml/g),Total Evolved(ml)
273.661,107.004,44.772,11.679,166.657,107.004
273.646,105.572,44.172,11.778,168.074,212.576
278.521,108.863,45.549,11.889,169.659,321.438
274.264,107.237,44.869,11.705,167.028,428.675
279.279,112.131,46.917,11.713,167.147,540.806
274.251,107.23,44.866,11.704,167.021,648.036
4.812,0.418,0.175,0.308,4.394,648.454
Cellu 11,1,0,14.28,2.42,5.0
Hour,Volume(ml),Volume From Sample(ml),Volume/Gram(ml/g),Innoculum Avg(ml/g),Total Evolved(ml)
9.283,4.895,2.023,0.307,4.387,4.895
9.284,0.509,0.21,0.615,8.775,5.404
13.926,5.151,2.128,0.615,8.775,10.555
9.285,4.897,2.023,0.307,4.388,15.451
13.928,5.151,2.129,0.615,8.777,20.602
9.285,4.897,2.024,0.307,4.389,25.499
9.285,0.508,0.21,0.615,8.777,26.008
13.929,5.152,2.129,0.615,8.777,31.16
9.29,4.901,2.025,0.307,4.389,36.06
13.929,5.152,2.129,0.615,8.777,41.212
9.285,4.897,2.024,0.307,4.389,46.109
9.286,0.509,0.21,0.615,8.777,46.618
13.93,5.152,2.129,0.615,8.778,51.77
9.286,4.898,2.024,0.307,4.389,56.668
13.93,5.152,2.129,0.615,8.778,61.82
9.286,4.898,2.024,0.307,4.389,66.717
9.286,0.508,0.21,0.615,8.778,67.225
9.287,0.508,0.21,0.615,8.779,67.734
13.932,9.543,3.943,0.307,4.39,77.277
13.932,5.153,2.129,0.615,8.779,82.429
9.288,4.898,2.024,0.307,4.39,87.328
9.288,0.509,0.21,0.615,8.78,87.837
9.286,0.507,0.209,0.615,8.78,88.343
13.933,9.543,3.943,0.307,4.39,97.886
9.287,0.509,0.21,0.615,8.778,98.396
13.934,9.544,3.944,0.307,4.39,107.939
9.29,0.509,0.21,0.615,8.78,108.448
9.29,0.51,0.211,0.615,8.779,108.959
13.933,9.543,3.943,0.307,4.39,118.501
9.29,0.509,0.211,0.615,8.781,119.011
13.931,9.544,3.944,0.307,4.388,128.555
9.286,0.507,0.21,0.615,8.779,129.062
9.287,0.51,0.211,0.615,8.777,129.572
13.927,9.54,3.942,0.307,4.388,139.112
9.284,0.509,0.21,0.615,8.775,139.621
13.926,9.538,3.941,0.307,4.388,149.159
9.284,0.509,0.21,0.615,8.775,149.667
9.284,1.982,0.819,0.511,7.301,151.65
13.926,8.063,3.332,0.411,5.862,159.713
9.284,0.508,0.21,0.615,8.776,160.221
13.926,9.538,3.941,0.307,4.388,169.76
9.284,0.509,0.21,0.615,8.776,170.268
9.285,1.983,0.819,0.511,7.302,172.251
13.927,8.065,3.333,0.41,5.862,180.316
9.284,1.983,0.819,0.511,7.301,182.299
13.926,8.064,3.332,0.41,5.862,190.363
9.285,0.508,0.21,0.615,8.777,190.871
9.288,3.469,1.434,0.407,5.818,194.34
13.929,6.58,2.719,0.515,7.349,200.92
9.286,1.983,0.819,0.511,7.304,202.903
13.932,8.07,3.335,0.411,5.863,210.972
9.284,0.507,0.209,0.615,8.777,211.479
9.286,3.467,1.433,0.407,5.819,214.946
13.93,6.581,2.72,0.515,7.349,221.528
9.285,3.467,1.432,0.407,5.818,224.994
13.928,6.581,2.719,0.515,7.347,231.575
9.285,0.509,0.21,0.615,8.777,232.084
9.285,3.468,1.433,0.407,5.817,235.552
13.927,6.58,2.719,0.514,7.347,242.132
9.284,3.467,1.433,0.407,5.817,245.599
13.926,6.58,2.719,0.514,7.347,252.178
9.284,0.508,0.21,0.615,8.776,252.687
9.285,4.897,2.023,0.307,4.388,257.583
13.93,5.153,2.129,0.615,8.777,262.737
9.285,4.897,2.023,0.307,4.388,267.633
13.934,5.157,2.131,0.615,8.777,272.79
9.292,0.511,0.211,0.615,8.781,273.301
9.292,4.9,2.025,0.308,4.392,278.201
13.947,5.157,2.131,0.616,8.79,283.359
9.306,4.907,2.028,0.308,4.399,288.266
13.95,5.157,2.131,0.616,8.793,293.423
9.297,0.511,0.211,0.615,8.786,293.934
9.306,4.909,2.029,0.308,4.397,298.843
13.964,5.164,2.134,0.616,8.799,304.008
9.304,4.907,2.028,0.308,4.396,308.915
9.302,0.509,0.21,0.616,8.793,309.424
13.953,5.16,2.132,0.616,8.793,314.584
9.303,4.906,2.027,0.308,4.397,319.49
13.953,5.161,2.133,0.616,8.792,324.651
9.303,4.906,2.027,0.308,4.397,329.557
9.302,0.51,0.211,0.616,8.792,330.067
13.955,5.162,2.133,0.616,8.793,335.229
9.304,4.906,2.027,0.308,4.397,340.135
13.961,5.164,2.134,0.616,8.797,345.299
9.308,4.909,2.028,0.308,4.399,350.208
9.308,0.51,0.211,0.616,8.798,350.718
13.965,5.165,2.134,0.616,8.8,355.883
9.31,4.91,2.029,0.308,4.4,360.792
13.964,5.164,2.134,0.616,8.8,365.957
9.31,4.91,2.029,0.308,4.4,370.867
9.309,0.51,0.211,0.616,8.799,371.377
13.963,5.164,2.134,0.616,8.798,376.541
9.312,4.91,2.029,0.308,4.402,381.451
13.963,5.164,2.134,0.616,8.799,386.615
9.315,4.913,2.03,0.308,4.401,391.528
9.317,0.512,0.211,0.617,8.805,392.04
9.318,0.512,0.212,0.617,8.806,392.552
13.977,9.573,3.956,0.308,4.404,402.125
13.977,5.169,2.136,0.617,8.808,407.295
9.316,4.913,2.03,0.308,4.404,412.208
9.318,0.511,0.211,0.617,8.807,412.718
9.318,0.511,0.211,0.617,8.807,413.229
13.978,9.574,3.956,0.308,4.403,422.803
9.318,0.51,0.211,0.617,8.808,423.313
13.978,9.574,3.956,0.308,4.404,432.887
9.314,0.507,0.21,0.617,8.807,433.394
9.318,0.517,0.214,0.616,8.801,433.911
13.969,9.566,3.953,0.308,4.404,443.477
9.319,0.514,0.212,0.617,8.804,443.991
13.97,9.572,3.955,0.308,4.399,453.562
9.314,0.507,0.21,0.617,8.806,454.07
9.312,0.512,0.212,0.616,8.8,454.582
13.963,9.564,3.952,0.308,4.399,464.146
9.309,0.51,0.211,0.616,8.799,464.656
13.963,9.563,3.952,0.308,4.399,474.219
9.309,0.51,0.211,0.616,8.799,474.73
9.309,1.988,0.821,0.513,7.321,476.717
13.963,8.086,3.341,0.412,5.877,484.803
9.308,0.509,0.211,0.616,8.799,485.312
13.962,9.563,3.952,0.308,4.399,494.875
9.309,0.51,0.211,0.616,8.799,495.385
9.308,1.988,0.821,0.513,7.32,497.373
13.962,8.085,3.341,0.412,5.877,505.458
9.308,1.988,0.821,0.513,7.32,507.446
13.962,8.085,3.341,0.412,5.877,515.532
9.307,0.51,0.211,0.616,8.797,516.042
9.307,3.476,1.436,0.408,5.832,519.517
13.961,6.596,2.726,0.516,7.365,526.113
9.307,1.988,0.821,0.513,7.32,528.101
13.961,8.084,3.341,0.412,5.876,536.185
9.307,0.51,0.211,0.616,8.798,536.695
9.305,3.474,1.435,0.408,5.832,540.169
13.961,6.597,2.726,0.516,7.364,546.766
9.308,3.478,1.437,0.408,5.829,550.244
13.959,6.594,2.725,0.516,7.365,556.838
9.308,0.51,0.211,0.616,8.798,557.348
9.308,4.909,2.029,0.308,4.399,562.257
13.96,5.164,2.134,0.616,8.797,567.421
9.305,3.474,1.435,0.408,5.831,570.894
13.955,6.591,2.723,0.516,7.364,577.485
9.3,0.506,0.209,0.616,8.794,577.991
9.301,4.905,2.027,0.308,4.396,582.896
13.951,5.159,2.132,0.616,8.793,588.054
9.306,4.91,2.029,0.308,4.396,592.964
4.654,0.257,0.106,0.308,4.397,593.221
Day,Volume(ml),Volume From Sample(ml),Volume/Gram(ml/g),Innoculum Avg(ml/g),Total Evolved(ml)
264.661,97.886,40.449,11.679,166.774,97.886
264.646,96.454,39.857,11.778,168.192,194.34
269.371,99.593,41.154,11.889,169.778,293.934
265.251,98.106,40.54,11.705,167.145,392.04
270.1,102.835,42.494,11.713,167.265,494.875
265.227,98.089,40.533,11.704,167.138,592.964
4.654,0.257,0.106,0.308,4.397,593.221
Cellu 12,1,0,14.27,2.38,5.0
Hour,Volume(ml),Volume From Sample(ml),Volume/Gram(ml/g),Innoculum Avg(ml/g),Total Evolved(ml)
9.283,4.899,2.058,0.307,4.384,4.899
9.284,0.515,0.216,0.615,8.769,5.414
13.926,5.157,2.167,0.615,8.769,10.571
9.285,4.9,2.059,0.307,4.385,15.471
13.928,5.157,2.167,0.615,8.77,20.628
9.286,4.9,2.059,0.307,4.385,25.528
9.285,0.515,0.216,0.615,8.771,26.043
9.286,0.515,0.216,0.615,8.771,26.558
13.928,9.543,4.009,0.307,4.386,36.101
13.932,5.161,2.169,0.615,8.771,41.262
9.285,4.9,2.059,0.307,4.385,46.162
9.286,0.515,0.217,0.615,8.771,46.677
9.286,0.514,0.216,0.615,8.772,47.192
13.93,9.544,4.01,0.307,4.386,56.735
9.287,0.515,0.216,0.615,8.772,57.251
13.93,9.544,4.01,0.307,4.386,66.795
9.286,0.515,0.216,0.615,8.772,67.309
9.287,0.515,0.216,0.615,8.773,67.824
13.932,9.545,4.011,0.307,4.387,77.369
9.288,0.515,0.216,0.615,8.773,77.884
13.932,9.546,4.011,0.307,4.387,87.43
9.288,0.515,0.216,0.615,8.773,87.945
9.288,0.515,0.216,0.615,8.774,88.459
13.933,9.547,4.011,0.307,4.386,98.006
9.289,0.517,0.217,0.615,8.772,98.523
13.932,9.545,4.011,0.307,4.387,108.068
9.289,0.515,0.216,0.615,8.774,108.583
9.29,0.517,0.217,0.615,8.773,109.1
13.935,9.548,4.012,0.307,4.387,118.648
9.288,0.514,0.216,0.615,8.774,119.162
13.931,9.547,4.011,0.307,4.385,128.708
9.285,0.512,0.215,0.615,8.773,129.22
9.287,0.516,0.217,0.615,8.77,129.737
13.927,9.543,4.01,0.307,4.384,139.279
9.284,0.515,0.216,0.615,8.769,139.794
13.926,9.541,4.009,0.307,4.385,149.335
9.284,0.515,0.216,0.615,8.769,149.85
9.284,1.988,0.835,0.511,7.296,151.837
13.926,8.068,3.39,0.411,5.858,159.905
9.284,0.514,0.216,0.615,8.77,160.419
13.926,9.541,4.009,0.307,4.385,169.96
9.284,0.515,0.216,0.615,8.769,170.475
9.285,1.988,0.835,0.511,7.297,172.463
13.926,8.068,3.39,0.41,5.858,180.531
9.284,1.988,0.835,0.511,7.296,182.519
13.926,8.069,3.39,0.41,5.857,190.588
9.286,0.515,0.216,0.615,8.771,191.103
9.292,3.478,1.461,0.407,5.814,194.581
13.933,6.589,2.768,0.515,7.344,201.17
9.289,1.99,0.836,0.511,7.298,203.16
13.929,8.07,3.391,0.411,5.859,211.23
9.284,0.513,0.216,0.615,8.771,211.743
9.288,3.473,1.459,0.407,5.815,215.216
13.932,6.588,2.768,0.515,7.344,221.804
9.285,3.471,1.458,0.407,5.814,225.275
13.928,6.586,2.767,0.515,7.342,231.861
9.285,0.515,0.216,0.615,8.771,232.375
9.285,3.472,1.459,0.407,5.813,235.847
13.927,6.585,2.767,0.514,7.342,242.432
9.284,3.471,1.458,0.407,5.813,245.903
13.927,6.585,2.767,0.514,7.342,252.489
9.284,0.514,0.216,0.615,8.77,253.003
9.284,4.899,2.059,0.307,4.385,257.902
13.934,5.163,2.169,0.615,8.771,263.065
9.285,4.9,2.059,0.307,4.385,267.965
9.288,0.517,0.217,0.615,8.771,268.482
13.932,5.158,2.167,0.615,8.774,273.64
9.292,4.903,2.06,0.308,4.388,278.543
13.947,5.164,2.17,0.616,8.784,283.707
9.303,4.906,2.062,0.308,4.396,288.613
9.303,0.516,0.217,0.616,8.787,289.129
13.949,5.168,2.172,0.615,8.78,294.297
9.306,4.912,2.064,0.308,4.394,299.209
13.965,5.172,2.173,0.616,8.793,304.382
9.302,4.909,2.062,0.308,4.393,309.291
9.302,0.515,0.216,0.616,8.787,309.806
13.953,5.167,2.171,0.616,8.787,314.972
9.302,4.909,2.063,0.308,4.393,319.881
13.953,5.166,2.171,0.616,8.786,325.047
9.302,4.909,2.063,0.308,4.393,329.956
9.302,0.516,0.217,0.616,8.786,330.472
13.953,5.167,2.171,0.616,8.786,335.639
9.302,4.908,2.062,0.308,4.394,340.547
13.964,5.174,2.174,0.616,8.791,345.721
9.31,4.914,2.065,0.308,4.396,350.634
9.309,0.517,0.217,0.616,8.792,351.151
9.31,0.517,0.217,0.616,8.794,351.667
13.965,9.568,4.02,0.308,4.397,361.235
13.965,5.171,2.173,0.616,8.794,366.406
9.309,4.912,2.064,0.308,4.397,371.319
9.309,0.516,0.217,0.616,8.793,371.835
9.309,0.516,0.217,0.616,8.792,372.351
13.962,9.564,4.018,0.308,4.398,381.915
9.313,0.519,0.218,0.616,8.793,382.434
13.968,9.569,4.021,0.308,4.398,392.003
9.319,0.52,0.218,0.617,8.799,392.523
9.316,0.516,0.217,0.617,8.8,393.04
13.977,9.576,4.024,0.308,4.401,402.616
9.318,0.517,0.217,0.617,8.802,403.133
13.977,9.577,4.024,0.308,4.401,412.709
9.316,0.515,0.216,0.617,8.801,413.224
9.317,0.516,0.217,0.617,8.801,413.74
13.977,9.577,4.024,0.308,4.4,423.317
9.318,0.516,0.217,0.617,8.802,423.833
13.977,9.576,4.024,0.308,4.401,433.41
9.317,0.516,0.217,0.617,8.801,433.926
9.316,0.521,0.219,0.616,8.795,434.447
13.972,9.571,4.021,0.308,4.401,444.018
9.313,0.514,0.216,0.617,8.798,444.532
13.97,9.575,4.023,0.308,4.396,454.107
9.315,0.515,0.217,0.617,8.8,454.622
9.314,0.52,0.219,0.616,8.793,455.142
13.963,9.567,4.02,0.308,4.396,464.709
9.309,0.517,0.217,0.616,8.793,465.225
13.963,9.567,4.02,0.308,4.396,474.792
9.309,0.516,0.217,0.616,8.793,475.309
9.309,1.993,0.837,0.513,7.316,477.302
13.963,8.089,3.399,0.412,5.873,485.391
9.309,0.516,0.217,0.616,8.793,485.907
13.962,9.566,4.019,0.308,4.396,495.473
9.309,0.516,0.217,0.616,8.792,495.99
9.308,1.993,0.837,0.513,7.315,497.982
13.962,8.089,3.399,0.412,5.873,506.071
9.308,1.993,0.837,0.513,7.315,508.065
13.962,8.089,3.399,0.412,5.872,516.154
9.307,0.516,0.217,0.616,8.791,516.67
9.307,3.48,1.462,0.408,5.827,520.15
13.961,6.601,2.774,0.516,7.36,526.751
9.307,1.993,0.837,0.513,7.315,528.744
13.959,8.087,3.398,0.412,5.872,536.83
9.308,0.516,0.217,0.616,8.791,537.347
9.307,3.48,1.462,0.408,5.827,540.826
13.957,6.598,2.772,0.516,7.359,547.425
9.306,3.481,1.463,0.408,5.825,550.906
13.962,6.603,2.774,0.516,7.36,557.508
9.306,0.514,0.216,0.616,8.792,558.023
9.306,4.91,2.063,0.308,4.396,562.933
13.959,5.168,2.172,0.616,8.79,568.101
9.306,3.479,1.462,0.408,5.827,571.581
13.96,6.601,2.774,0.516,7.359,578.182
9.303,0.515,0.216,0.616,8.788,578.696
9.303,4.909,2.063,0.308,4.393,583.606
13.955,5.169,2.172,0.616,8.786,588.775
9.303,4.909,2.063,0.308,4.393,593.684
0,-4.394,-1.846,0.308,4.394,589.29
Day,Volume(ml),Volume From Sample(ml),Volume/Gram(ml/g),Innoculum Avg(ml/g),Total Evolved(ml)
264.663,98.006,41.179,11.679,166.657,98.006
264.649,96.575,40.578,11.778,168.074,194.581
269.375,99.716,41.898,11.889,169.659,294.297
265.253,98.226,41.271,11.705,167.028,392.523
270.098,102.95,43.256,11.713,167.147,495.473
265.232,98.211,41.265,11.704,167.021,593.684
0,-4.394,-1.846,0.308,4.394,589.29
1623 Mar,1,0,15.31,3.92,5.17
Hour,Volume(ml),Volume From Sample(ml),Volume/Gram(ml/g),Innoculum Avg(ml/g),Total Evolved(ml)
14.398,9.694,2.473,0.307,4.704,9.694
9.599,0.191,0.049,0.615,9.408,9.885
9.6,0.191,0.049,0.615,9.408,10.076
14.4,9.696,2.473,0.307,4.705,19.772
9.601,0.192,0.049,0.615,9.41,19.964
14.402,9.697,2.474,0.307,4.705,29.661
9.601,0.191,0.049,0.615,9.41,29.852
9.602,0.192,0.049,0.615,9.41,30.043
14.402,9.697,2.474,0.307,4.705,39.74
9.602,0.192,0.049,0.615,9.41,39.932
14.402,9.697,2.474,0.307,4.705,49.628
9.602,0.192,0.049,0.615,9.41,49.82
9.602,0.191,0.049,0.615,9.411,50.012
14.403,9.697,2.474,0.307,4.705,59.709
9.602,0.191,0.049,0.615,9.411,59.9
14.403,9.698,2.474,0.307,4.705,69.598
9.602,0.191,0.049,0.615,9.411,69.789
9.603,0.191,0.049,0.615,9.412,69.98
14.406,9.7,2.474,0.307,4.706,79.679
9.604,0.191,0.049,0.615,9.413,79.871
14.406,9.7,2.474,0.307,4.706,89.57
9.604,0.192,0.049,0.615,9.413,89.762
9.604,0.191,0.049,0.615,9.413,89.953
14.407,9.701,2.475,0.307,4.706,99.654
9.605,0.194,0.049,0.615,9.411,99.848
14.407,9.701,2.475,0.307,4.707,109.548
9.605,0.192,0.049,0.615,9.414,109.74
9.603,0.191,0.049,0.615,9.412,109.931
14.406,9.7,2.474,0.307,4.707,119.63
9.606,0.192,0.049,0.615,9.414,119.822
14.403,9.699,2.474,0.307,4.704,129.521
9.601,0.189,0.048,0.615,9.412,129.71
9.599,0.19,0.048,0.615,9.41,129.9
14.399,9.694,2.473,0.307,4.704,139.594
9.603,0.195,0.05,0.615,9.408,139.789
14.399,9.695,2.473,0.307,4.704,149.484
9.599,0.191,0.049,0.615,9.408,149.675
9.599,1.772,0.452,0.511,7.828,151.447
14.401,8.116,2.07,0.411,6.285,159.563
9.599,0.19,0.049,0.615,9.409,159.753
14.4,9.695,2.473,0.307,4.704,169.449
9.6,0.192,0.049,0.615,9.409,169.64
9.6,1.772,0.452,0.511,7.829,171.412
14.4,8.116,2.07,0.41,6.285,179.528
9.6,1.772,0.452,0.511,7.828,181.3
14.4,8.116,2.07,0.41,6.284,189.415
9.6,0.19,0.049,0.615,9.41,189.605
9.6,3.362,0.858,0.407,6.238,192.968
14.405,6.526,1.665,0.515,7.879,199.493
9.6,1.77,0.451,0.511,7.83,201.263
14.401,8.115,2.07,0.411,6.286,209.378
9.6,0.189,0.048,0.615,9.41,209.568
9.602,3.363,0.858,0.407,6.239,212.931
14.402,6.523,1.664,0.515,7.879,219.454
9.6,3.363,0.858,0.407,6.238,222.817
9.601,1.724,0.44,0.515,7.877,224.541
14.402,4.992,1.273,0.615,9.41,229.532
9.6,3.363,0.858,0.407,6.237,232.896
14.401,6.524,1.664,0.514,7.877,239.42
9.6,3.363,0.858,0.407,6.237,242.783
9.6,1.724,0.44,0.514,7.877,244.506
14.4,4.991,1.273,0.615,9.409,249.498
9.6,4.896,1.249,0.307,4.704,254.393
14.402,4.992,1.273,0.615,9.41,259.385
9.602,4.898,1.249,0.307,4.704,264.283
9.604,0.194,0.049,0.615,9.41,264.477
14.41,4.996,1.274,0.615,9.414,269.473
9.608,4.899,1.25,0.308,4.708,274.372
14.43,5.007,1.277,0.616,9.424,279.379
9.623,4.906,1.252,0.308,4.717,284.285
9.617,0.19,0.048,0.616,9.427,284.474
14.421,5.001,1.276,0.615,9.42,289.475
9.623,4.909,1.252,0.308,4.714,294.384
14.438,5.005,1.277,0.616,9.434,299.389
9.618,4.905,1.251,0.308,4.713,304.294
9.618,0.191,0.049,0.616,9.427,304.485
9.619,0.192,0.049,0.616,9.427,304.676
14.428,9.714,2.478,0.308,4.714,314.39
9.619,0.192,0.049,0.616,9.427,314.582
14.428,9.714,2.478,0.308,4.714,324.296
9.62,0.194,0.049,0.616,9.426,324.49
9.618,0.191,0.049,0.616,9.427,324.681
14.428,9.714,2.478,0.308,4.714,334.395
9.62,0.189,0.048,0.616,9.432,334.584
14.434,9.717,2.479,0.308,4.717,344.302
9.625,0.192,0.049,0.616,9.433,344.493
9.627,0.193,0.049,0.616,9.435,344.686
14.44,9.722,2.48,0.308,4.718,354.408
9.626,0.192,0.049,0.616,9.435,354.6
14.439,9.722,2.48,0.308,4.717,364.322
9.626,0.192,0.049,0.616,9.434,364.513
9.625,0.192,0.049,0.616,9.433,364.705
14.437,9.718,2.479,0.308,4.719,374.424
9.626,0.191,0.049,0.616,9.434,374.615
14.443,9.724,2.481,0.308,4.719,384.339
9.633,0.193,0.049,0.617,9.44,384.532
9.635,0.194,0.049,0.617,9.441,384.726
14.446,9.725,2.481,0.308,4.721,394.451
9.635,0.192,0.049,0.617,9.443,394.643
14.45,9.729,2.482,0.308,4.721,404.372
9.633,0.19,0.049,0.617,9.443,404.562
9.634,0.192,0.049,0.617,9.442,404.754
14.452,9.731,2.483,0.308,4.721,414.486
9.633,0.19,0.048,0.617,9.443,414.676
14.45,9.729,2.482,0.308,4.721,424.405
9.633,0.191,0.049,0.617,9.443,424.595
9.629,0.193,0.049,0.616,9.436,424.788
14.445,9.723,2.48,0.308,4.721,434.512
9.629,0.19,0.048,0.617,9.439,434.701
14.442,9.725,2.481,0.308,4.716,444.427
9.63,0.189,0.048,0.617,9.441,444.616
9.628,0.194,0.05,0.616,9.434,444.81
14.438,9.721,2.48,0.308,4.717,454.531
9.626,0.192,0.049,0.616,9.433,454.723
14.437,9.721,2.48,0.308,4.717,464.444
9.625,0.192,0.049,0.616,9.433,464.636
9.626,1.777,0.453,0.513,7.849,466.412
14.437,8.136,2.076,0.412,6.301,474.548
9.625,0.192,0.049,0.616,9.433,474.74
14.441,9.724,2.481,0.308,4.716,484.464
9.625,0.191,0.049,0.616,9.433,484.656
9.625,1.776,0.453,0.513,7.848,486.432
14.436,8.136,2.075,0.412,6.301,494.567
9.625,1.776,0.453,0.513,7.848,496.344
14.436,8.136,2.076,0.412,6.3,504.48
9.624,0.192,0.049,0.616,9.432,504.672
9.624,3.372,0.86,0.408,6.252,508.043
14.436,6.54,1.668,0.516,7.896,514.583
9.624,1.776,0.453,0.513,7.848,516.359
14.436,8.135,2.075,0.412,6.3,524.494
9.624,0.192,0.049,0.616,9.432,524.686
9.624,3.372,0.86,0.408,6.252,528.057
14.436,6.54,1.668,0.516,7.895,534.597
9.625,3.375,0.861,0.408,6.25,537.972
9.625,1.729,0.441,0.516,7.896,539.701
14.435,5.002,1.276,0.616,9.433,544.703
9.625,4.908,1.252,0.308,4.716,549.611
14.429,4.998,1.275,0.616,9.431,554.61
9.619,3.368,0.859,0.408,6.252,557.978
9.623,1.727,0.441,0.516,7.895,559.705
14.429,5.001,1.276,0.616,9.429,564.706
9.621,4.907,1.252,0.308,4.713,569.613
14.433,5.006,1.277,0.616,9.427,574.62
9.617,4.904,1.251,0.308,4.713,579.523
0,-4.715,-1.203,0.308,4.715,574.809
Day,Volume(ml),Volume From Sample(ml),Volume/Gram(ml/g),Innoculum Avg(ml/g),Total Evolved(ml)
278.457,99.654,25.422,11.679,178.803,99.654
273.637,93.314,23.805,11.778,180.323,192.968
278.531,96.508,24.619,11.889,182.023,289.475
274.257,95.057,24.249,11.705,179.201,384.532
279.261,99.932,25.493,11.713,179.329,484.464
274.253,95.059,24.25,11.704,179.193,579.523
0,-4.715,-1.203,0.308,4.715,574.809
1623 Mar,1,0,15.32,3.87,5.0
Hour,Volume(ml),Volume From Sample(ml),Volume/Gram(ml/g),Innoculum Avg(ml/g),Total Evolved(ml)
13.925,9.218,2.382,0.307,4.707,9.218
9.284,-0.131,-0.034,0.615,9.414,9.087
9.284,-0.131,-0.034,0.615,9.415,8.956
13.927,9.219,2.382,0.307,4.708,18.176
9.285,-0.13,-0.034,0.615,9.416,18.046
13.928,9.22,2.382,0.307,4.708,27.266
9.285,-0.131,-0.034,0.615,9.416,27.135
9.285,-0.131,-0.034,0.615,9.416,27.004
13.932,9.224,2.383,0.307,4.708,36.228
9.285,-0.131,-0.034,0.615,9.416,36.097
13.928,9.22,2.382,0.307,4.708,45.317
9.286,-0.13,-0.034,0.615,9.416,45.187
9.286,-0.131,-0.034,0.615,9.417,45.057
13.93,9.221,2.383,0.307,4.708,54.278
9.286,-0.131,-0.034,0.615,9.417,54.147
13.93,9.222,2.383,0.307,4.708,63.368
9.286,-0.131,-0.034,0.615,9.417,63.238
9.287,-0.131,-0.034,0.615,9.418,63.106
13.932,9.223,2.383,0.307,4.709,72.329
9.288,-0.131,-0.034,0.615,9.419,72.198
13.932,9.223,2.383,0.307,4.709,81.421
9.289,-0.13,-0.034,0.615,9.419,81.291
9.286,-0.133,-0.034,0.615,9.419,81.158
13.932,9.223,2.383,0.307,4.709,90.381
9.289,-0.128,-0.033,0.615,9.417,90.253
13.932,9.222,2.383,0.307,4.71,99.475
9.29,-0.13,-0.034,0.615,9.42,99.344
9.288,-0.13,-0.034,0.615,9.419,99.214
13.933,9.224,2.383,0.307,4.71,108.437
9.29,-0.13,-0.034,0.615,9.42,108.307
13.931,9.224,2.384,0.307,4.707,117.532
9.285,-0.134,-0.035,0.615,9.418,117.398
9.287,-0.129,-0.033,0.615,9.416,117.269
13.926,9.218,2.382,0.307,4.707,126.487
9.284,-0.131,-0.034,0.615,9.414,126.357
13.926,9.219,2.382,0.307,4.707,135.575
9.284,-0.131,-0.034,0.615,9.414,135.445
9.284,1.451,0.375,0.511,7.833,136.896
13.926,7.637,1.973,0.411,6.289,144.532
9.284,-0.131,-0.034,0.615,9.415,144.401
13.926,9.219,2.382,0.307,4.708,153.62
9.285,-0.13,-0.034,0.615,9.415,153.49
9.284,1.45,0.375,0.511,7.834,154.94
13.927,7.638,1.974,0.41,6.289,162.578
9.284,1.451,0.375,0.511,7.833,164.029
9.284,2.996,0.774,0.41,6.288,167.025
13.926,4.51,1.165,0.615,9.416,171.535
9.29,3.048,0.788,0.407,6.242,174.583
13.933,6.049,1.563,0.515,7.884,180.632
9.286,1.451,0.375,0.511,7.836,182.083
9.285,2.995,0.774,0.411,6.29,185.078
13.932,4.515,1.167,0.615,9.417,189.593
9.29,3.047,0.787,0.407,6.243,192.64
13.934,6.05,1.563,0.515,7.884,198.69
9.287,3.045,0.787,0.407,6.242,201.735
9.285,1.403,0.362,0.515,7.882,203.138
13.928,4.512,1.166,0.615,9.416,207.65
9.285,3.044,0.787,0.407,6.241,210.694
13.927,6.045,1.562,0.514,7.882,216.739
9.285,3.044,0.786,0.407,6.241,219.783
9.285,1.403,0.362,0.514,7.882,221.186
9.284,-0.131,-0.034,0.615,9.415,221.054
13.927,9.219,2.382,0.307,4.707,230.274
13.929,4.512,1.166,0.615,9.416,234.786
9.285,4.577,1.183,0.307,4.708,239.363
9.285,-0.132,-0.034,0.615,9.416,239.231
9.288,-0.132,-0.034,0.615,9.42,239.099
13.938,9.226,2.384,0.308,4.711,248.326
9.298,-0.132,-0.034,0.616,9.43,248.194
13.965,9.245,2.389,0.308,4.72,257.439
9.303,-0.131,-0.034,0.616,9.434,257.308
9.292,-0.134,-0.035,0.615,9.426,257.174
13.958,9.241,2.388,0.308,4.717,266.414
9.31,-0.13,-0.034,0.616,9.44,266.284
13.959,9.242,2.388,0.308,4.716,275.527
9.302,-0.131,-0.034,0.616,9.433,275.395
9.302,-0.131,-0.034,0.616,9.433,275.264
13.954,9.237,2.387,0.308,4.717,284.501
9.302,-0.131,-0.034,0.616,9.433,284.371
13.954,9.237,2.387,0.308,4.717,293.608
9.302,-0.131,-0.034,0.616,9.433,293.477
9.302,-0.131,-0.034,0.616,9.433,293.346
13.957,9.24,2.388,0.308,4.717,302.586
9.308,-0.13,-0.033,0.616,9.438,302.457
13.959,9.24,2.388,0.308,4.72,311.696
9.308,-0.131,-0.034,0.616,9.439,311.565
9.31,-0.13,-0.034,0.616,9.441,311.435
13.965,9.244,2.389,0.308,4.721,320.679
9.31,-0.131,-0.034,0.616,9.441,320.548
13.964,9.244,2.389,0.308,4.72,329.792
9.309,-0.131,-0.034,0.616,9.44,329.661
9.309,-0.13,-0.034,0.616,9.439,329.531
13.962,9.24,2.388,0.308,4.722,338.771
9.309,-0.132,-0.034,0.616,9.44,338.639
13.975,9.253,2.391,0.308,4.722,347.892
9.313,-0.133,-0.034,0.617,9.446,347.759
9.314,-0.133,-0.034,0.617,9.447,347.626
13.978,9.253,2.391,0.308,4.725,356.879
9.318,-0.131,-0.034,0.617,9.449,356.748
13.977,9.253,2.391,0.308,4.724,366.001
9.318,-0.131,-0.034,0.617,9.449,365.87
9.318,-0.131,-0.034,0.617,9.449,365.739
13.977,9.253,2.391,0.308,4.724,374.992
9.318,-0.131,-0.034,0.617,9.449,374.861
13.977,9.253,2.391,0.308,4.725,384.114
9.311,-0.138,-0.036,0.617,9.449,383.976
9.314,-0.128,-0.033,0.616,9.442,383.848
13.97,9.245,2.389,0.308,4.725,393.093
9.318,-0.128,-0.033,0.617,9.446,392.966
13.977,9.257,2.392,0.308,4.719,402.223
9.315,-0.132,-0.034,0.617,9.448,402.091
9.312,-0.129,-0.033,0.616,9.44,401.962
13.964,9.244,2.389,0.308,4.72,411.206
9.309,-0.13,-0.034,0.616,9.439,411.076
13.963,9.243,2.388,0.308,4.72,420.319
9.309,-0.131,-0.034,0.616,9.44,420.188
9.309,1.455,0.376,0.513,7.854,421.643
13.963,7.658,1.979,0.412,6.305,429.301
9.312,-0.127,-0.033,0.616,9.439,429.173
9.309,4.59,1.186,0.308,4.72,433.763
13.963,4.523,1.169,0.616,9.439,438.286
9.308,1.455,0.376,0.513,7.854,439.741
13.962,7.657,1.979,0.412,6.305,447.398
9.308,1.455,0.376,0.513,7.853,448.853
9.308,3.003,0.776,0.412,6.305,451.856
13.961,4.523,1.169,0.616,9.438,456.379
9.307,3.051,0.788,0.408,6.256,459.43
13.961,6.06,1.566,0.516,7.901,465.49
9.307,1.454,0.376,0.513,7.853,466.944
9.307,3.003,0.776,0.412,6.304,469.947
13.961,4.523,1.169,0.616,9.438,474.47
9.307,3.051,0.788,0.408,6.256,477.521
13.957,6.057,1.565,0.516,7.9,483.578
9.308,3.054,0.789,0.408,6.254,486.632
9.308,1.407,0.364,0.516,7.901,488.039
13.96,4.521,1.168,0.616,9.439,492.56
9.308,4.589,1.186,0.308,4.72,497.149
13.959,4.521,1.168,0.616,9.437,501.67
9.306,3.051,0.788,0.408,6.256,504.721
9.306,1.406,0.363,0.516,7.901,506.126
9.305,-0.13,-0.034,0.616,9.435,505.996
13.957,9.24,2.388,0.308,4.716,515.237
13.951,4.518,1.168,0.616,9.433,519.755
9.303,4.586,1.185,0.308,4.716,524.341
0,-4.718,-1.219,0.308,4.718,519.623
Day,Volume(ml),Volume From Sample(ml),Volume/Gram(ml/g),Innoculum Avg(ml/g),Total Evolved(ml)
269.301,90.381,23.354,11.679,178.92,90.381
264.644,84.202,21.758,11.778,180.441,174.583
264.733,82.591,21.341,11.889,182.142,257.174
269.903,90.585,23.407,11.705,179.318,347.759
265.45,86.004,22.223,11.713,179.446,433.763
269.889,90.578,23.405,11.704,179.311,524.341
0,-4.718,-1.219,0.308,4.718,519.623
1623 Mar,1,0,15.3,3.83,5.0
Hour,Volume(ml),Volume From Sample(ml),Volume/Gram(ml/g),Innoculum Avg(ml/g),Total Evolved(ml)
13.924,9.223,2.408,0.307,4.701,9.223
9.284,-0.118,-0.031,0.615,9.402,9.105
9.284,-0.119,-0.031,0.615,9.402,8.987
13.927,9.225,2.409,0.307,4.702,18.212
9.285,-0.118,-0.031,0.615,9.403,18.093
13.929,9.227,2.409,0.307,4.702,27.32
9.285,-0.118,-0.031,0.615,9.404,27.202
9.286,-0.118,-0.031,0.615,9.404,27.084
13.928,9.226,2.409,0.307,4.702,36.31
9.286,-0.118,-0.031,0.615,9.404,36.192
13.929,9.227,2.409,0.307,4.702,45.418
9.286,-0.118,-0.031,0.615,9.404,45.3
9.286,-0.118,-0.031,0.615,9.405,45.182
13.93,9.227,2.409,0.307,4.702,54.409
9.286,-0.118,-0.031,0.615,9.405,54.291
13.93,9.228,2.409,0.307,4.702,63.518
9.287,-0.118,-0.031,0.615,9.405,63.4
9.287,-0.119,-0.031,0.615,9.406,63.282
13.932,9.229,2.41,0.307,4.703,72.511
9.288,-0.118,-0.031,0.615,9.407,72.392
13.932,9.229,2.41,0.307,4.703,81.621
9.288,-0.118,-0.031,0.615,9.407,81.503
9.289,-0.118,-0.031,0.615,9.407,81.385
13.932,9.229,2.41,0.307,4.703,90.614
9.289,-0.116,-0.03,0.615,9.405,90.498
13.932,9.228,2.409,0.307,4.704,99.726
9.29,-0.118,-0.031,0.615,9.408,99.608
9.29,-0.116,-0.03,0.615,9.406,99.491
13.933,9.229,2.41,0.307,4.704,108.721
9.29,-0.118,-0.031,0.615,9.408,108.603
13.93,9.228,2.41,0.307,4.701,117.831
9.285,-0.121,-0.032,0.615,9.406,117.71
9.285,-0.118,-0.031,0.615,9.403,117.592
13.925,9.224,2.408,0.307,4.701,126.816
9.284,-0.118,-0.031,0.615,9.402,126.698
9.286,4.585,1.197,0.307,4.701,131.283
13.926,4.524,1.181,0.615,9.402,135.807
9.284,1.461,0.381,0.511,7.823,137.268
13.926,7.645,1.996,0.411,6.281,144.913
9.284,-0.119,-0.031,0.615,9.403,144.794
9.285,4.583,1.197,0.307,4.701,149.378
13.926,4.524,1.181,0.615,9.402,153.902
9.285,1.461,0.381,0.511,7.823,155.363
13.927,7.646,1.996,0.41,6.281,163.009
9.284,1.461,0.381,0.511,7.823,164.47
9.284,3.003,0.784,0.41,6.28,167.474
13.932,4.528,1.182,0.615,9.404,172.002
9.286,3.052,0.797,0.407,6.234,175.054
13.93,6.057,1.581,0.515,7.874,181.111
9.285,1.459,0.381,0.511,7.825,182.57
9.285,3.003,0.784,0.411,6.281,185.573
9.29,-0.114,-0.03,0.615,9.404,185.459
13.93,7.695,2.009,0.407,6.235,193.154
13.929,6.055,1.581,0.515,7.874,199.209
9.285,3.051,0.797,0.407,6.234,202.26
9.285,1.414,0.369,0.515,7.872,203.674
9.285,-0.118,-0.031,0.615,9.404,203.555
13.927,7.694,2.009,0.407,6.233,211.25
9.285,1.413,0.369,0.514,7.871,212.663
13.926,7.694,2.009,0.407,6.233,220.356
9.285,1.413,0.369,0.514,7.871,221.77
9.284,-0.119,-0.031,0.615,9.403,221.651
13.926,9.225,2.409,0.307,4.701,230.876
9.285,-0.119,-0.031,0.615,9.404,230.757
13.929,9.227,2.409,0.307,4.701,239.984
9.285,-0.119,-0.031,0.615,9.404,239.864
9.29,-0.118,-0.031,0.615,9.408,239.747
13.938,9.232,2.411,0.308,4.705,248.979
9.298,-0.12,-0.031,0.616,9.418,248.859
13.963,9.249,2.415,0.308,4.714,258.109
9.303,-0.119,-0.031,0.616,9.421,257.99
9.297,-0.117,-0.03,0.615,9.414,257.873
13.958,9.247,2.414,0.308,4.711,267.12
9.313,-0.115,-0.03,0.616,9.428,267.005
13.956,9.246,2.414,0.308,4.71,276.251
9.302,-0.119,-0.031,0.616,9.421,276.132
9.302,-0.119,-0.031,0.616,9.421,276.013
13.954,9.243,2.413,0.308,4.711,285.257
9.302,-0.119,-0.031,0.616,9.42,285.138
13.953,9.243,2.413,0.308,4.711,294.381
9.304,-0.117,-0.03,0.616,9.42,294.264
9.302,-0.118,-0.031,0.616,9.421,294.146
13.955,9.243,2.413,0.308,4.711,303.389
9.302,-0.124,-0.032,0.616,9.425,303.266
13.959,9.246,2.414,0.308,4.714,312.511
9.309,-0.118,-0.031,0.616,9.427,312.393
9.307,-0.122,-0.032,0.616,9.429,312.271
13.965,9.251,2.415,0.308,4.714,321.522
9.31,-0.119,-0.031,0.616,9.429,321.404
13.964,9.25,2.415,0.308,4.714,330.653
9.309,-0.119,-0.031,0.616,9.428,330.535
9.309,-0.118,-0.031,0.616,9.427,330.417
13.962,9.246,2.414,0.308,4.716,339.663
9.309,-0.119,-0.031,0.616,9.428,339.544
13.969,9.253,2.416,0.308,4.716,348.797
9.316,-0.118,-0.031,0.617,9.434,348.68
9.318,-0.117,-0.031,0.617,9.435,348.563
13.977,9.259,2.417,0.308,4.718,357.822
9.318,-0.119,-0.031,0.617,9.437,357.703
13.975,9.257,2.417,0.308,4.718,366.96
9.318,-0.118,-0.031,0.617,9.436,366.842
9.318,-0.119,-0.031,0.617,9.436,366.723
13.977,9.259,2.418,0.308,4.718,375.983
9.318,-0.119,-0.031,0.617,9.437,375.864
13.978,9.259,2.418,0.308,4.718,385.123
9.319,-0.118,-0.031,0.617,9.436,385.005
9.317,-0.113,-0.03,0.616,9.43,384.892
13.972,9.253,2.416,0.308,4.718,394.145
9.318,-0.115,-0.03,0.617,9.433,394.03
9.308,4.595,1.2,0.308,4.713,398.625
13.971,4.536,1.184,0.617,9.435,403.161
9.312,-0.116,-0.03,0.616,9.428,403.045
13.963,9.249,2.415,0.308,4.714,412.294
9.309,-0.118,-0.031,0.616,9.427,412.176
9.308,4.595,1.2,0.308,4.714,416.771
13.964,4.536,1.184,0.616,9.427,421.307
9.309,1.465,0.383,0.513,7.844,422.772
13.963,7.665,2.001,0.412,6.297,430.437
9.313,-0.114,-0.03,0.616,9.427,430.323
9.308,4.595,1.2,0.308,4.713,434.918
13.963,4.536,1.184,0.616,9.427,439.453
9.308,1.465,0.382,0.513,7.843,440.918
13.962,7.666,2.001,0.412,6.297,448.584
9.308,1.465,0.383,0.513,7.843,450.049
9.308,3.012,0.786,0.412,6.296,453.061
13.961,4.536,1.184,0.616,9.426,457.596
9.307,3.059,0.799,0.408,6.248,460.655
13.961,6.07,1.585,0.516,7.891,466.726
9.307,1.465,0.382,0.513,7.843,468.19
9.307,3.011,0.786,0.412,6.296,471.201
9.307,-0.119,-0.031,0.616,9.426,471.083
13.961,7.713,2.014,0.408,6.248,478.795
13.959,6.069,1.585,0.516,7.89,484.864
9.306,3.061,0.799,0.408,6.246,487.925
9.308,1.417,0.37,0.516,7.891,489.342
9.305,-0.122,-0.032,0.616,9.427,489.22
13.958,9.245,2.414,0.308,4.713,498.465
9.306,-0.119,-0.031,0.616,9.425,498.346
13.96,7.713,2.014,0.408,6.247,506.059
9.301,1.411,0.368,0.516,7.89,507.47
9.304,-0.118,-0.031,0.616,9.422,507.351
13.951,9.241,2.413,0.308,4.71,516.593
9.303,-0.118,-0.031,0.616,9.421,516.475
13.951,9.241,2.413,0.308,4.71,525.716
0,-4.712,-1.23,0.308,4.712,521.004
Day,Volume(ml),Volume From Sample(ml),Volume/Gram(ml/g),Innoculum Avg(ml/g),Total Evolved(ml)
269.3,90.614,23.659,11.679,178.687,90.614
264.646,84.441,22.047,11.778,180.206,175.054
264.724,82.819,21.624,11.889,181.905,257.873
269.89,90.806,23.709,11.705,179.083,348.68
265.45,86.238,22.516,11.713,179.212,434.918
269.874,90.798,23.707,11.704,179.076,525.716
0,-4.712,-1.23,0.308,4.712,521.004
1624 Agri,1,0,11.85,2.97,5.0
Hour,Volume(ml),Volume From Sample(ml),Volume/Gram(ml/g),Innoculum Avg(ml/g),Total Evolved(ml)
13.924,10.283,3.462,0.307,3.641,10.283
9.284,2.002,0.674,0.615,7.282,12.285
9.284,2.002,0.674,0.615,7.282,14.287
13.927,10.286,3.463,0.307,3.642,24.573
9.285,2.002,0.674,0.615,7.283,26.575
13.928,10.286,3.463,0.307,3.642,36.861
9.285,2.002,0.674,0.615,7.283,38.863
9.286,2.003,0.674,0.615,7.283,40.866
13.929,10.287,3.464,0.307,3.642,51.153
9.285,2.002,0.674,0.615,7.283,53.155
13.928,10.286,3.463,0.307,3.642,63.441
9.286,2.003,0.674,0.615,7.284,65.444
9.286,2.002,0.674,0.615,7.284,67.447
13.93,10.288,3.464,0.307,3.642,77.734
9.286,2.002,0.674,0.615,7.284,79.736
13.93,10.288,3.464,0.307,3.642,90.024
9.287,2.003,0.674,0.615,7.284,92.027
9.287,2.002,0.674,0.615,7.285,94.029
13.932,10.29,3.465,0.307,3.643,104.318
9.288,2.003,0.674,0.615,7.285,106.321
9.288,5.645,1.901,0.307,3.643,111.967
13.932,6.647,2.238,0.615,7.286,118.613
9.288,2.003,0.674,0.615,7.286,120.616
13.931,10.289,3.464,0.307,3.643,130.905
9.289,2.005,0.675,0.615,7.284,132.909
9.289,5.646,1.901,0.307,3.643,138.556
13.932,6.646,2.238,0.615,7.286,145.201
9.29,2.004,0.675,0.615,7.285,147.205
13.933,10.29,3.465,0.307,3.643,157.496
9.288,2.002,0.674,0.615,7.286,159.497
9.286,5.645,1.901,0.307,3.641,165.143
13.93,6.645,2.238,0.615,7.285,171.788
9.284,2.001,0.674,0.615,7.283,173.789
13.926,10.285,3.463,0.307,3.641,184.073
9.285,2.004,0.675,0.615,7.282,186.077
9.284,5.643,1.9,0.307,3.641,191.72
13.926,6.644,2.237,0.615,7.282,198.364
9.284,3.225,1.086,0.511,6.059,201.589
13.928,9.063,3.052,0.411,4.865,210.652
9.284,2.001,0.674,0.615,7.282,212.653
9.285,5.643,1.9,0.307,3.641,218.296
9.284,2.001,0.674,0.615,7.282,220.298
13.926,7.867,2.649,0.511,6.059,228.164
13.926,9.062,3.051,0.41,4.864,237.226
9.284,3.225,1.086,0.511,6.059,240.451
9.284,4.42,1.488,0.41,4.864,244.871
9.285,2.001,0.674,0.615,7.283,246.872
13.934,9.106,3.066,0.407,4.828,255.978
9.288,3.19,1.074,0.515,6.098,259.168
13.929,7.868,2.649,0.511,6.061,267.036
9.287,4.422,1.489,0.411,4.865,271.458
9.285,2.001,0.674,0.615,7.284,273.459
13.926,9.098,3.063,0.407,4.829,282.557
9.288,3.19,1.074,0.515,6.099,285.746
13.927,9.099,3.064,0.407,4.828,294.845
9.285,3.188,1.073,0.515,6.097,298.033
9.285,2.002,0.674,0.615,7.283,300.036
13.928,9.1,3.064,0.407,4.828,309.136
9.285,3.188,1.073,0.514,6.097,312.324
13.927,9.099,3.064,0.407,4.827,321.423
9.285,3.188,1.073,0.514,6.097,324.611
9.284,2.002,0.674,0.615,7.282,326.613
13.927,10.286,3.463,0.307,3.641,336.899
9.288,2.005,0.675,0.615,7.284,338.903
13.93,10.289,3.464,0.307,3.641,349.193
9.288,2.005,0.675,0.615,7.284,351.197
9.288,2.002,0.674,0.615,7.286,353.199
13.938,10.294,3.466,0.308,3.644,363.493
9.298,2.004,0.675,0.616,7.294,365.497
13.963,10.312,3.472,0.308,3.651,375.809
9.301,2.004,0.675,0.616,7.297,377.813
9.295,2.004,0.675,0.615,7.291,379.817
13.957,10.309,3.471,0.308,3.649,390.126
9.31,2.008,0.676,0.616,7.302,392.134
13.953,10.305,3.47,0.308,3.648,402.438
9.302,2.005,0.675,0.616,7.297,404.444
9.302,2.006,0.675,0.616,7.296,406.449
13.954,10.305,3.47,0.308,3.648,416.755
9.302,2.006,0.675,0.616,7.296,418.761
13.953,10.304,3.469,0.308,3.648,429.065
9.302,2.006,0.675,0.616,7.296,431.071
9.302,2.006,0.675,0.616,7.296,433.077
13.957,10.308,3.471,0.308,3.649,443.385
9.304,2.004,0.675,0.616,7.3,445.389
13.961,10.311,3.472,0.308,3.651,455.7
9.31,2.009,0.677,0.616,7.301,457.709
9.308,2.006,0.675,0.616,7.303,459.715
13.965,10.314,3.473,0.308,3.651,470.028
9.31,2.007,0.676,0.616,7.303,472.036
13.964,10.313,3.473,0.308,3.651,482.349
9.309,2.007,0.676,0.616,7.302,484.356
9.309,2.008,0.676,0.616,7.301,486.364
13.962,10.31,3.471,0.308,3.653,496.674
9.309,2.007,0.676,0.616,7.302,498.681
13.969,10.317,3.474,0.308,3.652,508.998
9.318,2.011,0.677,0.617,7.307,511.009
9.316,2.009,0.676,0.617,7.307,513.018
13.977,10.323,3.476,0.308,3.654,523.341
9.318,2.009,0.677,0.617,7.309,525.35
9.318,5.664,1.907,0.308,3.654,531.014
13.976,6.668,2.245,0.617,7.309,537.681
9.318,2.009,0.677,0.617,7.308,539.69
13.977,10.323,3.476,0.308,3.654,550.013
9.318,2.009,0.676,0.617,7.309,552.023
9.318,5.664,1.907,0.308,3.654,557.686
13.975,6.667,2.245,0.617,7.309,564.353
9.316,2.013,0.678,0.616,7.304,566.366
13.97,10.315,3.473,0.308,3.654,576.681
9.318,2.012,0.677,0.617,7.306,578.693
9.312,5.661,1.906,0.308,3.65,584.354
13.969,6.662,2.243,0.617,7.308,591.016
9.308,2.006,0.675,0.616,7.302,593.022
13.964,10.313,3.472,0.308,3.651,603.335
9.309,2.007,0.676,0.616,7.301,605.342
9.308,5.657,1.905,0.308,3.651,611.0
13.963,6.662,2.243,0.616,7.302,617.661
9.309,3.233,1.089,0.513,6.075,620.895
13.963,9.085,3.059,0.412,4.877,629.98
9.309,2.007,0.676,0.616,7.301,631.987
9.309,5.658,1.905,0.308,3.651,637.645
9.309,2.008,0.676,0.616,7.301,639.653
13.966,7.891,2.657,0.513,6.075,647.544
13.962,9.085,3.059,0.412,4.877,656.629
9.308,3.233,1.089,0.513,6.074,659.863
9.308,4.432,1.492,0.412,4.877,664.294
9.307,2.007,0.676,0.616,7.3,666.301
13.961,9.122,3.071,0.408,4.839,675.423
9.307,3.196,1.076,0.516,6.111,678.619
13.961,7.887,2.655,0.513,6.074,686.505
9.305,4.429,1.491,0.412,4.876,690.934
9.307,2.007,0.676,0.616,7.3,692.941
13.957,9.118,3.07,0.408,4.839,702.059
9.307,3.196,1.076,0.516,6.111,705.255
13.962,9.124,3.072,0.408,4.837,714.38
9.308,3.197,1.076,0.516,6.111,717.576
9.308,2.007,0.676,0.616,7.301,719.583
13.962,10.312,3.472,0.308,3.651,729.895
9.305,2.005,0.675,0.616,7.3,731.9
13.959,9.12,3.071,0.408,4.839,741.02
9.305,3.193,1.075,0.516,6.111,744.213
9.303,2.005,0.675,0.616,7.298,746.218
13.959,10.31,3.472,0.308,3.648,756.528
9.303,2.006,0.676,0.616,7.296,758.535
13.953,10.305,3.47,0.308,3.648,768.84
0,-3.649,-1.229,0.308,3.649,765.191
Day,Volume(ml),Volume From Sample(ml),Volume/Gram(ml/g),Innoculum Avg(ml/g),Total Evolved(ml)
269.299,130.905,44.076,11.679,138.395,130.905
264.644,125.073,42.112,11.778,139.571,255.978
264.727,123.84,41.697,11.889,140.887,379.817
269.893,131.192,44.172,11.705,138.702,511.009
265.438,126.636,42.638,11.713,138.801,637.645
269.891,131.195,44.173,11.704,138.696,768.84
0,-3.649,-1.229,0.308,3.649,765.191
1624 Agri,1,0,11.8,2.98,5.17
Hour,Volume(ml),Volume From Sample(ml),Volume/Gram(ml/g),Innoculum Avg(ml/g),Total Evolved(ml)
14.398,10.772,3.615,0.307,3.625,10.772
9.599,2.348,0.788,0.615,7.251,13.12
9.599,2.348,0.788,0.615,7.251,15.468
14.401,10.775,3.616,0.307,3.626,26.243
9.601,2.348,0.788,0.615,7.252,28.591
14.402,10.775,3.616,0.307,3.626,39.367
9.602,2.349,0.788,0.615,7.253,41.716
9.601,2.348,0.788,0.615,7.253,44.064
14.406,10.78,3.617,0.307,3.627,54.844
9.601,2.349,0.788,0.615,7.253,57.193
9.602,5.975,2.005,0.307,3.626,63.168
14.403,7.15,2.399,0.615,7.253,70.318
9.602,2.348,0.788,0.615,7.253,72.666
14.403,10.777,3.616,0.307,3.627,83.443
9.602,2.349,0.788,0.615,7.253,85.791
9.602,5.975,2.005,0.307,3.627,91.767
14.403,7.15,2.399,0.615,7.254,98.917
9.603,2.349,0.788,0.615,7.254,101.265
14.406,10.779,3.617,0.307,3.627,112.044
9.604,2.349,0.788,0.615,7.255,114.393
9.604,5.977,2.006,0.307,3.627,120.37
14.406,7.151,2.4,0.615,7.255,127.521
9.604,2.35,0.788,0.615,7.255,129.871
14.407,10.78,3.618,0.307,3.627,140.651
9.605,2.351,0.789,0.615,7.254,143.002
9.603,5.975,2.005,0.307,3.628,148.978
14.407,7.152,2.4,0.615,7.256,156.13
9.605,2.351,0.789,0.615,7.255,158.48
14.406,10.779,3.617,0.307,3.628,169.259
9.602,2.346,0.787,0.615,7.256,171.606
9.602,5.976,2.006,0.307,3.626,177.582
9.603,2.348,0.788,0.615,7.254,179.93
14.4,7.148,2.399,0.615,7.252,187.079
14.401,10.775,3.616,0.307,3.626,197.854
9.601,2.35,0.789,0.615,7.251,200.204
9.6,5.974,2.005,0.307,3.626,206.178
9.599,2.348,0.788,0.615,7.251,208.526
14.399,8.366,2.807,0.511,6.033,216.892
9.6,4.756,1.596,0.411,4.844,221.647
14.399,7.148,2.399,0.615,7.252,228.795
9.6,5.974,2.005,0.307,3.626,234.77
9.6,2.348,0.788,0.615,7.252,237.118
14.4,8.367,2.808,0.511,6.034,245.484
9.599,4.756,1.596,0.41,4.844,250.24
14.399,8.366,2.807,0.511,6.033,258.606
9.6,4.756,1.596,0.41,4.844,263.362
9.6,2.347,0.788,0.615,7.253,265.709
14.41,9.602,3.222,0.407,4.808,275.311
9.602,3.529,1.184,0.515,6.073,278.841
14.401,8.366,2.807,0.511,6.035,287.206
9.601,4.756,1.596,0.411,4.845,291.963
9.602,2.349,0.788,0.615,7.253,294.312
14.4,9.592,3.219,0.407,4.808,303.904
9.6,3.527,1.184,0.515,6.073,307.431
14.4,9.593,3.219,0.407,4.808,317.024
9.601,3.53,1.185,0.515,6.071,320.554
9.601,2.349,0.788,0.615,7.253,322.903
14.403,9.596,3.22,0.407,4.807,332.498
9.6,3.529,1.184,0.514,6.071,336.028
14.4,9.593,3.219,0.407,4.807,345.621
9.6,3.529,1.184,0.514,6.071,349.15
9.6,2.348,0.788,0.615,7.252,351.499
14.4,10.775,3.616,0.307,3.626,362.273
9.604,2.351,0.789,0.615,7.253,364.624
14.4,10.774,3.616,0.307,3.626,375.399
9.6,2.347,0.788,0.615,7.253,377.746
9.606,2.35,0.789,0.615,7.256,380.096
14.412,10.783,3.619,0.308,3.629,390.88
9.614,2.351,0.789,0.616,7.263,393.23
14.438,10.802,3.625,0.308,3.635,404.033
9.617,2.351,0.789,0.616,7.266,406.384
9.612,2.351,0.789,0.615,7.26,408.735
14.432,10.799,3.624,0.308,3.633,419.534
9.624,2.353,0.789,0.616,7.271,421.887
14.429,10.796,3.623,0.308,3.633,432.683
9.618,2.352,0.789,0.616,7.266,435.035
9.618,2.352,0.789,0.616,7.266,437.387
14.428,10.795,3.623,0.308,3.633,448.183
9.619,2.354,0.79,0.616,7.265,450.537
14.427,10.794,3.622,0.308,3.633,461.331
9.618,2.353,0.79,0.616,7.265,463.683
9.619,2.353,0.79,0.616,7.266,466.036
14.429,10.796,3.623,0.308,3.633,476.832
9.621,2.352,0.789,0.616,7.269,479.184
14.436,10.801,3.624,0.308,3.635,489.985
9.626,2.356,0.791,0.616,7.27,492.341
9.627,2.356,0.791,0.616,7.272,494.696
14.44,10.804,3.626,0.308,3.636,505.501
9.626,2.355,0.79,0.616,7.272,507.855
9.626,5.99,2.01,0.308,3.636,513.846
14.438,7.167,2.405,0.616,7.271,521.013
9.626,2.355,0.79,0.616,7.27,523.368
14.437,10.8,3.624,0.308,3.637,534.169
9.629,2.358,0.791,0.616,7.271,536.527
9.632,5.995,2.012,0.308,3.637,542.522
14.449,7.173,2.407,0.617,7.276,549.695
9.635,2.358,0.791,0.617,7.277,552.053
14.452,10.813,3.629,0.308,3.639,562.867
9.635,2.357,0.791,0.617,7.278,565.224
9.635,5.996,2.012,0.308,3.639,571.22
14.451,7.174,2.407,0.617,7.278,578.393
9.635,2.357,0.791,0.617,7.278,580.75
14.452,10.814,3.629,0.308,3.639,591.564
9.635,2.357,0.791,0.617,7.278,593.921
9.635,5.996,2.012,0.308,3.639,599.917
14.449,7.171,2.406,0.617,7.278,607.088
9.627,2.355,0.79,0.616,7.273,609.442
14.441,10.802,3.625,0.308,3.639,620.245
9.634,2.358,0.791,0.617,7.275,622.603
9.625,5.99,2.01,0.308,3.635,628.592
9.63,2.353,0.79,0.617,7.277,630.946
14.446,7.175,2.408,0.616,7.271,638.121
9.625,5.989,2.01,0.308,3.635,644.11
14.438,7.168,2.405,0.616,7.271,651.278
9.625,5.989,2.01,0.308,3.635,657.267
9.626,2.355,0.79,0.616,7.271,659.622
14.438,8.389,2.815,0.513,6.05,668.011
9.625,4.768,1.6,0.412,4.857,672.779
14.438,7.168,2.405,0.616,7.271,679.946
9.625,5.99,2.01,0.308,3.635,685.936
9.625,2.355,0.79,0.616,7.271,688.291
14.437,8.388,2.815,0.513,6.049,696.679
9.624,4.768,1.6,0.412,4.856,701.447
14.437,8.388,2.815,0.513,6.049,709.835
9.624,4.768,1.6,0.412,4.856,714.603
9.624,2.355,0.79,0.616,7.27,716.957
14.436,9.617,3.227,0.408,4.819,726.574
9.624,3.538,1.187,0.516,6.086,730.112
14.436,8.387,2.814,0.513,6.048,738.499
9.624,4.768,1.6,0.412,4.856,743.267
9.624,2.354,0.79,0.616,7.27,745.621
14.432,9.613,3.226,0.408,4.819,755.234
9.622,3.537,1.187,0.516,6.085,758.771
14.436,9.619,3.228,0.408,4.817,768.391
9.625,3.539,1.188,0.516,6.086,771.929
9.625,2.354,0.79,0.616,7.27,774.284
14.429,10.794,3.622,0.308,3.635,785.078
9.623,2.354,0.79,0.616,7.269,787.432
14.431,9.613,3.226,0.408,4.818,797.045
9.621,3.536,1.186,0.516,6.085,800.58
9.623,2.356,0.791,0.616,7.267,802.936
14.429,10.797,3.623,0.308,3.633,813.733
9.617,2.352,0.789,0.616,7.266,816.084
14.429,10.797,3.623,0.308,3.633,826.881
0,-3.634,-1.219,0.308,3.634,823.247
Day,Volume(ml),Volume From Sample(ml),Volume/Gram(ml/g),Innoculum Avg(ml/g),Total Evolved(ml)
278.462,140.651,47.198,11.679,137.811,140.651
273.642,134.66,45.188,11.778,138.982,275.311
273.716,133.424,44.773,11.889,140.292,408.735
279.077,140.96,47.302,11.705,138.117,549.695
274.457,136.241,45.718,11.713,138.216,685.936
279.056,140.945,47.297,11.704,138.111,826.881
0,-3.634,-1.219,0.308,3.634,823.247
1624 Agri,1,0,11.8,2.98,5.17
Hour,Volume(ml),Volume From Sample(ml),Volume/Gram(ml/g),Innoculum Avg(ml/g),Total Evolved(ml)
9.598,5.973,2.004,0.307,3.625,5.973
14.399,7.148,2.399,0.615,7.251,13.121
9.599,2.348,0.788,0.615,7.251,15.469
14.401,10.775,3.616,0.307,3.626,26.244
9.601,2.348,0.788,0.615,7.252,28.592
9.601,5.975,2.005,0.307,3.626,34.567
14.402,7.149,2.399,0.615,7.253,41.716
9.602,2.349,0.788,0.615,7.253,44.066
14.406,10.779,3.617,0.307,3.627,54.845
9.602,2.349,0.788,0.615,7.253,57.194
9.601,5.975,2.005,0.307,3.626,63.169
14.402,7.149,2.399,0.615,7.253,70.318
9.602,2.349,0.788,0.615,7.253,72.667
14.403,10.777,3.616,0.307,3.627,83.444
9.602,2.349,0.788,0.615,7.253,85.792
9.602,5.975,2.005,0.307,3.627,91.768
14.404,7.151,2.4,0.615,7.254,98.919
9.603,2.349,0.788,0.615,7.254,101.267
14.406,10.779,3.617,0.307,3.627,112.046
9.604,2.349,0.788,0.615,7.255,114.395
9.604,5.977,2.006,0.307,3.627,120.372
9.604,2.349,0.788,0.615,7.255,122.721
14.406,7.152,2.4,0.615,7.255,129.873
9.605,5.978,2.006,0.307,3.627,135.85
14.407,7.154,2.401,0.615,7.254,143.004
9.605,5.977,2.006,0.307,3.628,148.981
9.605,2.349,0.788,0.615,7.256,151.331
14.408,7.153,2.4,0.615,7.255,158.484
9.606,5.978,2.006,0.307,3.628,164.462
14.403,7.148,2.399,0.615,7.256,171.61
9.602,5.976,2.006,0.307,3.626,177.586
9.599,2.345,0.787,0.615,7.254,179.931
14.401,7.149,2.399,0.615,7.252,187.079
9.601,5.976,2.005,0.307,3.626,193.055
14.399,7.148,2.399,0.615,7.251,200.203
9.6,5.974,2.005,0.307,3.626,206.177
9.599,2.348,0.788,0.615,7.251,208.525
14.4,8.367,2.808,0.511,6.033,216.892
9.6,4.756,1.596,0.411,4.844,221.647
14.399,7.148,2.399,0.615,7.252,228.795
9.6,5.974,2.005,0.307,3.626,234.77
9.6,2.348,0.788,0.615,7.252,237.118
14.399,8.366,2.807,0.511,6.034,245.483
9.6,4.756,1.596,0.41,4.844,250.24
14.399,8.366,2.807,0.511,6.033,258.606
9.599,4.756,1.596,0.41,4.844,263.362
9.604,2.351,0.789,0.615,7.253,265.713
14.404,9.596,3.22,0.407,4.808,275.309
9.604,3.531,1.185,0.515,6.073,278.84
14.401,8.366,2.807,0.511,6.035,287.206
9.602,4.758,1.597,0.411,4.845,291.963
9.6,2.347,0.788,0.615,7.253,294.311
14.4,9.591,3.219,0.407,4.808,303.902
9.604,3.531,1.185,0.515,6.073,307.433
14.404,9.597,3.22,0.407,4.808,317.03
9.601,3.53,1.184,0.515,6.071,320.56
9.601,2.349,0.788,0.615,7.253,322.908
14.401,9.594,3.219,0.407,4.807,332.502
9.6,3.529,1.184,0.514,6.071,336.031
14.4,9.593,3.219,0.407,4.807,345.624
9.6,3.529,1.184,0.514,6.071,349.154
9.6,2.348,0.788,0.615,7.252,351.502
14.399,10.774,3.615,0.307,3.626,362.275
9.604,2.351,0.789,0.615,7.253,364.627
14.404,10.778,3.617,0.307,3.626,375.405
9.6,2.347,0.788,0.615,7.253,377.752
9.606,2.35,0.789,0.615,7.256,380.102
14.412,10.783,3.618,0.308,3.629,390.885
9.613,2.35,0.789,0.616,7.263,393.235
14.436,10.801,3.624,0.308,3.635,404.036
9.617,2.351,0.789,0.616,7.266,406.387
9.613,2.353,0.79,0.615,7.26,408.74
14.432,10.799,3.624,0.308,3.633,419.539
9.626,2.355,0.79,0.616,7.271,421.894
14.427,10.794,3.622,0.308,3.633,432.688
9.619,2.353,0.79,0.616,7.266,435.041
9.618,2.352,0.789,0.616,7.266,437.393
14.428,10.795,3.622,0.308,3.633,448.188
9.619,2.354,0.79,0.616,7.265,450.541
9.619,5.986,2.009,0.308,3.633,456.527
14.428,7.162,2.403,0.616,7.265,463.689
9.618,2.352,0.789,0.616,7.266,466.042
14.43,10.796,3.623,0.308,3.633,476.838
9.625,2.355,0.79,0.616,7.269,479.194
9.621,5.986,2.009,0.308,3.635,485.179
14.44,7.17,2.406,0.616,7.27,492.349
9.626,2.355,0.79,0.616,7.272,494.704
14.44,10.804,3.626,0.308,3.636,505.508
9.627,2.355,0.79,0.616,7.272,507.863
9.626,5.99,2.01,0.308,3.636,513.854
14.439,7.168,2.405,0.616,7.271,521.022
9.625,2.355,0.79,0.616,7.27,523.376
14.442,10.804,3.626,0.308,3.637,534.181
9.629,2.358,0.791,0.616,7.271,536.538
9.625,5.988,2.009,0.308,3.637,542.526
14.449,7.173,2.407,0.617,7.276,549.699
9.635,2.358,0.791,0.617,7.277,552.058
14.452,10.813,3.629,0.308,3.639,562.871
9.635,2.357,0.791,0.617,7.278,565.228
9.633,5.994,2.011,0.308,3.639,571.222
9.634,2.357,0.791,0.617,7.278,573.579
14.452,7.174,2.407,0.617,7.278,580.753
9.635,5.996,2.012,0.308,3.639,586.749
14.452,7.174,2.407,0.617,7.278,593.923
9.635,5.996,2.012,0.308,3.639,599.919
9.627,2.35,0.788,0.617,7.278,602.269
14.447,7.174,2.407,0.616,7.273,609.443
9.627,5.988,2.01,0.308,3.639,615.431
14.45,7.175,2.408,0.617,7.275,622.606
9.63,5.995,2.012,0.308,3.635,628.601
9.625,2.348,0.788,0.617,7.277,630.949
14.45,7.179,2.409,0.616,7.271,638.128
9.625,5.99,2.01,0.308,3.635,644.117
14.438,7.168,2.405,0.616,7.271,651.285
9.625,5.99,2.01,0.308,3.635,657.275
9.626,2.355,0.79,0.616,7.271,659.63
14.438,8.388,2.815,0.513,6.05,668.018
9.625,4.768,1.6,0.412,4.857,672.786
14.438,7.167,2.405,0.616,7.271,679.953
9.626,5.99,2.01,0.308,3.635,685.944
9.625,2.354,0.79,0.616,7.271,688.298
14.436,8.387,2.815,0.513,6.049,696.685
9.624,4.768,1.6,0.412,4.856,701.453
14.436,8.388,2.815,0.513,6.049,709.841
9.624,4.768,1.6,0.412,4.856,714.609
9.624,2.354,0.79,0.616,7.27,716.963
14.436,9.617,3.227,0.408,4.819,726.58
9.624,3.538,1.187,0.516,6.086,730.118
14.436,8.387,2.814,0.513,6.048,738.505
9.624,4.768,1.6,0.412,4.856,743.273
9.624,2.354,0.79,0.616,7.27,745.627
14.436,9.617,3.227,0.408,4.819,755.243
9.624,3.539,1.187,0.516,6.085,758.782
14.436,9.619,3.228,0.408,4.817,768.401
9.625,3.539,1.188,0.516,6.086,771.94
9.625,2.354,0.79,0.616,7.27,774.294
14.433,10.798,3.624,0.308,3.635,785.092
9.621,2.352,0.789,0.616,7.269,787.444
14.435,9.617,3.227,0.408,4.818,797.061
9.619,3.533,1.186,0.516,6.085,800.594
9.623,2.356,0.791,0.616,7.267,802.95
14.429,10.797,3.623,0.308,3.633,813.746
9.617,2.352,0.789,0.616,7.266,816.098
14.431,10.799,3.624,0.308,3.633,826.897
0,-3.634,-1.219,0.308,3.634,823.263
Day,Volume(ml),Volume From Sample(ml),Volume/Gram(ml/g),Innoculum Avg(ml/g),Total Evolved(ml)
273.661,135.85,45.587,11.679,137.811,135.85
278.441,139.459,46.798,11.778,138.982,275.309
273.723,133.431,44.776,11.889,140.292,408.74
279.076,140.959,47.302,11.705,138.117,549.699
274.46,136.244,45.72,11.713,138.216,685.944
279.064,140.953,47.3,11.704,138.111,826.897
0,-3.634,-1.219,0.308,3.634,823.263
54 Bryn 1,1,0,11.92,3.1,5.17
Hour,Volume(ml),Volume From Sample(ml),Volume/Gram(ml/g),Innoculum Avg(ml/g),Total Evolved(ml)
4.799,1.137,0.367,0.307,3.662,1.137
4.8,-2.525,-0.815,0.615,7.325,-1.388
4.804,-2.521,-0.813,0.615,7.325,-3.91
4.801,1.138,0.367,0.307,3.663,-2.772
0,-7.326,-2.363,0.615,7.326,-10.098
4.801,1.137,0.367,0.307,3.663,-8.961
4.801,-2.526,-0.815,0.615,7.326,-11.487
4.801,-2.526,-0.815,0.615,7.326,-14.012
4.804,1.141,0.368,0.307,3.663,-12.872
0,-7.326,-2.363,0.615,7.326,-20.198
4.801,1.137,0.367,0.307,3.663,-19.061
4.801,-2.526,-0.815,0.615,7.327,-21.587
4.801,-2.526,-0.815,0.615,7.327,-24.113
0,-3.664,-1.182,0.307,3.664,-27.776
4.801,-2.526,-0.815,0.615,7.327,-30.302
4.801,1.138,0.367,0.307,3.664,-29.165
4.801,-2.526,-0.815,0.615,7.327,-31.691
4.802,-2.526,-0.815,0.615,7.328,-34.217
0,-3.664,-1.182,0.307,3.664,-37.882
4.802,-2.526,-0.815,0.615,7.328,-40.408
4.802,1.138,0.367,0.307,3.664,-39.27
4.802,-2.527,-0.815,0.615,7.329,-41.797
4.802,-2.527,-0.815,0.615,7.329,-44.324
0,-3.664,-1.182,0.307,3.664,-47.988
4.802,-2.525,-0.814,0.615,7.327,-50.513
4.802,1.138,0.367,0.307,3.665,-49.375
4.803,-2.526,-0.815,0.615,7.329,-51.901
4.803,-2.525,-0.815,0.615,7.328,-54.426
0,-3.664,-1.182,0.307,3.664,-58.091
4.799,-2.53,-0.816,0.615,7.329,-60.621
4.803,1.14,0.368,0.307,3.663,-59.481
4.799,-2.529,-0.816,0.615,7.328,-62.01
4.802,-2.525,-0.814,0.615,7.326,-64.534
0,-3.662,-1.181,0.307,3.662,-68.197
4.799,-2.526,-0.815,0.615,7.325,-70.722
4.8,1.137,0.367,0.307,3.663,-69.585
4.8,-2.525,-0.815,0.615,7.325,-72.111
4.8,-1.295,-0.418,0.511,6.095,-73.405
0,-4.893,-1.579,0.411,4.893,-78.299
4.8,-2.525,-0.815,0.615,7.326,-80.824
4.8,1.137,0.367,0.307,3.663,-79.687
4.8,-2.526,-0.815,0.615,7.325,-82.213
4.8,-1.295,-0.418,0.511,6.095,-83.508
0,-4.893,-1.578,0.41,4.893,-88.401
4.8,-1.295,-0.418,0.511,6.095,-89.696
4.8,-0.093,-0.03,0.41,4.893,-89.788
4.8,-2.526,-0.815,0.615,7.326,-92.315
4.802,-0.055,-0.018,0.407,4.857,-92.369
0,-6.134,-1.979,0.515,6.134,-98.504
4.802,-1.295,-0.418,0.511,6.097,-99.798
4.8,-0.094,-0.03,0.411,4.894,-99.892
4.8,-2.527,-0.815,0.615,7.327,-102.419
4.804,-0.053,-0.017,0.407,4.857,-102.472
0,-6.135,-1.979,0.515,6.135,-108.607
4.8,-0.056,-0.018,0.407,4.856,-108.663
4.8,-1.333,-0.43,0.515,6.133,-109.996
4.801,-2.526,-0.815,0.615,7.326,-112.522
4.8,-0.056,-0.018,0.407,4.856,-112.577
0,-6.133,-1.978,0.514,6.133,-118.71
4.8,-0.056,-0.018,0.407,4.856,-118.766
4.8,-1.332,-0.43,0.514,6.133,-120.099
4.802,-2.523,-0.814,0.615,7.326,-122.622
4.8,1.137,0.367,0.307,3.663,-121.485
0,-7.327,-2.363,0.615,7.327,-128.812
4.8,1.137,0.367,0.307,3.663,-127.674
4.8,-2.526,-0.815,0.615,7.327,-130.201
4.804,-2.526,-0.815,0.615,7.329,-132.726
4.804,1.139,0.367,0.308,3.666,-131.588
0,-7.337,-2.367,0.616,7.337,-138.925
4.814,1.141,0.368,0.308,3.672,-137.784
4.809,-2.53,-0.816,0.616,7.34,-140.314
4.804,-2.53,-0.816,0.615,7.334,-142.844
4.813,1.143,0.369,0.308,3.67,-141.701
0,-7.345,-2.369,0.616,7.345,-149.046
4.809,1.139,0.368,0.308,3.67,-147.907
4.809,-2.531,-0.816,0.616,7.34,-150.437
4.809,-2.531,-0.816,0.616,7.34,-152.968
4.809,1.14,0.368,0.308,3.67,-151.828
0,-7.339,-2.368,0.616,7.339,-159.168
4.809,1.139,0.367,0.308,3.67,-158.029
4.809,-2.53,-0.816,0.616,7.339,-160.559
4.809,-2.53,-0.816,0.616,7.339,-163.089
4.809,1.139,0.367,0.308,3.67,-161.95
0,-7.343,-2.369,0.616,7.343,-169.293
4.809,1.137,0.367,0.308,3.672,-168.156
4.813,-2.531,-0.816,0.616,7.344,-170.687
4.814,-2.532,-0.817,0.616,7.346,-173.219
4.813,1.14,0.368,0.308,3.673,-172.079
0,-7.346,-2.37,0.616,7.346,-179.425
4.813,1.141,0.368,0.308,3.673,-178.284
4.813,-2.532,-0.817,0.616,7.345,-180.816
4.812,-2.532,-0.817,0.616,7.344,-183.348
0,-3.674,-1.185,0.308,3.674,-187.022
4.817,-2.529,-0.816,0.616,7.345,-189.551
4.812,1.138,0.367,0.308,3.674,-188.413
4.817,-2.532,-0.817,0.617,7.35,-190.945
4.817,-2.533,-0.817,0.617,7.351,-193.478
0,-3.676,-1.186,0.308,3.676,-197.154
4.817,-2.535,-0.818,0.617,7.352,-199.689
4.817,1.142,0.368,0.308,3.676,-198.547
4.817,-2.534,-0.818,0.617,7.352,-201.082
4.817,-2.534,-0.817,0.617,7.352,-203.616
0,-3.676,-1.186,0.308,3.676,-207.291
4.818,-2.534,-0.818,0.617,7.352,-209.825
4.817,1.141,0.368,0.308,3.676,-208.684
4.816,-2.536,-0.818,0.617,7.352,-211.22
4.816,-2.531,-0.817,0.616,7.347,-213.751
0,-3.676,-1.186,0.308,3.676,-217.427
4.817,-2.532,-0.817,0.617,7.349,-219.959
4.816,1.144,0.369,0.308,3.672,-218.815
4.816,-2.535,-0.818,0.617,7.351,-221.35
4.812,-2.533,-0.817,0.616,7.345,-223.883
0,-3.672,-1.185,0.308,3.672,-227.555
4.813,-2.532,-0.817,0.616,7.345,-230.087
4.813,1.141,0.368,0.308,3.672,-228.947
4.813,-2.532,-0.817,0.616,7.345,-231.478
4.813,-1.298,-0.419,0.513,6.111,-232.777
0,-4.906,-1.583,0.412,4.906,-237.683
4.812,-2.532,-0.817,0.616,7.345,-240.215
4.813,1.141,0.368,0.308,3.672,-239.074
4.813,-2.532,-0.817,0.616,7.344,-241.606
4.812,-1.299,-0.419,0.513,6.111,-242.905
0,-4.906,-1.582,0.412,4.906,-247.81
4.812,-1.298,-0.419,0.513,6.11,-249.108
4.812,-0.094,-0.03,0.412,4.905,-249.202
4.812,-2.532,-0.817,0.616,7.343,-251.734
4.812,-0.056,-0.018,0.408,4.868,-251.79
0,-6.148,-1.983,0.516,6.148,-257.937
4.812,-1.298,-0.419,0.513,6.11,-259.235
4.812,-0.093,-0.03,0.412,4.905,-259.329
4.812,-2.532,-0.817,0.616,7.344,-261.86
4.81,-0.058,-0.019,0.408,4.868,-261.918
0,-6.147,-1.983,0.516,6.147,-268.065
4.812,-0.054,-0.017,0.408,4.866,-268.119
4.812,-1.335,-0.431,0.516,6.148,-269.455
4.812,-2.532,-0.817,0.616,7.344,-271.987
4.809,1.136,0.367,0.308,3.672,-270.85
0,-7.343,-2.369,0.616,7.343,-278.193
4.812,-0.055,-0.018,0.408,4.867,-278.248
4.81,-1.337,-0.431,0.516,6.147,-279.585
4.81,-2.53,-0.816,0.616,7.341,-282.115
4.81,1.141,0.368,0.308,3.67,-280.974
0,-7.339,-2.368,0.616,7.339,-288.314
4.81,1.141,0.368,0.308,3.67,-287.173
0,-3.671,-1.184,0.308,3.671,-290.844
Day,Volume(ml),Volume From Sample(ml),Volume/Gram(ml/g),Innoculum Avg(ml/g),Total Evolved(ml)
91.224,-47.988,-15.48,11.679,139.212,-47.988
96.014,-44.382,-14.317,11.778,140.395,-92.369
91.244,-50.475,-16.282,11.889,141.719,-142.844
91.421,-48.1,-15.516,11.705,139.521,-190.945
91.492,-48.13,-15.526,11.713,139.621,-239.074
91.417,-48.099,-15.516,11.704,139.516,-287.173
0,-3.671,-1.184,0.308,3.671,-290.844
54 Bryn 2,1,0,11.9,2.95,5.17
Hour,Volume(ml),Volume From Sample(ml),Volume/Gram(ml/g),Innoculum Avg(ml/g),Total Evolved(ml)
4.799,1.143,0.387,0.307,3.656,1.143
4.8,-2.513,-0.852,0.615,7.313,-1.37
4.8,-2.513,-0.852,0.615,7.313,-3.883
0,-3.657,-1.24,0.307,3.657,-7.539
4.8,-2.514,-0.852,0.615,7.314,-10.053
4.801,1.143,0.388,0.307,3.657,-8.91
4.801,-2.514,-0.852,0.615,7.314,-11.423
4.801,-2.514,-0.852,0.615,7.314,-13.937
0,-3.657,-1.24,0.307,3.657,-17.594
4.804,-2.51,-0.851,0.615,7.314,-20.104
4.801,1.143,0.388,0.307,3.657,-18.96
4.801,-2.513,-0.852,0.615,7.314,-21.474
4.801,-2.514,-0.852,0.615,7.315,-23.987
0,-3.657,-1.24,0.307,3.657,-27.645
4.801,-2.514,-0.852,0.615,7.315,-30.158
4.801,1.144,0.388,0.307,3.657,-29.015
4.802,-2.513,-0.852,0.615,7.315,-31.528
4.802,-2.514,-0.852,0.615,7.316,-34.042
0,-3.658,-1.24,0.307,3.658,-37.7
4.802,-2.514,-0.852,0.615,7.316,-40.215
4.802,1.144,0.388,0.307,3.658,-39.071
4.802,-2.514,-0.852,0.615,7.316,-41.585
4.802,-2.514,-0.852,0.615,7.316,-44.099
0,-3.658,-1.24,0.307,3.658,-47.757
4.801,-2.514,-0.852,0.615,7.315,-50.272
4.802,1.144,0.388,0.307,3.658,-49.128
4.802,-2.515,-0.852,0.615,7.317,-51.642
4.803,-2.513,-0.852,0.615,7.316,-54.155
0,-3.658,-1.24,0.307,3.658,-57.814
4.801,-2.516,-0.853,0.615,7.317,-60.33
4.803,1.147,0.389,0.307,3.656,-59.183
4.801,-2.515,-0.852,0.615,7.316,-61.698
4.8,-2.514,-0.852,0.615,7.314,-64.212
0,-3.656,-1.239,0.307,3.656,-67.869
4.802,-2.511,-0.851,0.615,7.313,-70.38
4.8,1.143,0.388,0.307,3.656,-69.236
4.8,-2.513,-0.852,0.615,7.313,-71.749
4.8,-1.285,-0.435,0.511,6.084,-73.034
0,-4.885,-1.656,0.411,4.885,-77.919
4.8,-2.514,-0.852,0.615,7.313,-80.433
4.8,1.143,0.388,0.307,3.657,-79.289
4.8,-2.513,-0.852,0.615,7.313,-81.803
4.8,-1.285,-0.436,0.511,6.085,-83.088
0,-4.885,-1.656,0.41,4.885,-87.973
4.8,-1.284,-0.435,0.511,6.085,-89.257
4.8,-0.084,-0.029,0.41,4.885,-89.342
4.8,-2.514,-0.852,0.615,7.314,-91.856
4.802,-0.047,-0.016,0.407,4.849,-91.902
0,-6.124,-2.076,0.515,6.124,-98.026
4.8,-1.286,-0.436,0.511,6.086,-99.312
4.8,-0.085,-0.029,0.411,4.886,-99.398
4.8,-2.514,-0.852,0.615,7.314,-101.912
4.8,-0.049,-0.017,0.407,4.849,-101.961
0,-6.124,-2.076,0.515,6.124,-108.086
4.8,-0.048,-0.016,0.407,4.848,-108.134
4.801,-1.322,-0.448,0.515,6.123,-109.456
4.801,-2.513,-0.852,0.615,7.314,-111.969
4.8,-0.048,-0.016,0.407,4.848,-112.017
0,-6.122,-2.075,0.514,6.122,-118.139
4.8,-0.048,-0.016,0.407,4.848,-118.187
4.8,-1.322,-0.448,0.514,6.122,-119.509
4.8,-2.513,-0.852,0.615,7.313,-122.022
4.8,1.144,0.388,0.307,3.657,-120.879
0,-7.314,-2.479,0.615,7.314,-128.193
4.8,1.143,0.388,0.307,3.657,-127.05
4.8,-2.514,-0.852,0.615,7.314,-129.564
4.804,-2.513,-0.852,0.615,7.317,-132.077
4.804,1.144,0.388,0.308,3.66,-130.933
0,-7.325,-2.483,0.616,7.325,-138.258
4.813,1.147,0.389,0.308,3.666,-137.111
4.809,-2.518,-0.854,0.616,7.328,-139.629
4.804,-2.518,-0.854,0.615,7.322,-142.147
4.813,1.149,0.389,0.308,3.664,-140.998
0,-7.333,-2.486,0.616,7.333,-148.331
4.809,1.146,0.388,0.308,3.663,-147.185
4.809,-2.518,-0.854,0.616,7.327,-149.703
4.809,-2.518,-0.854,0.616,7.327,-152.222
4.809,1.146,0.388,0.308,3.664,-151.076
0,-7.327,-2.484,0.616,7.327,-158.403
4.809,1.146,0.388,0.308,3.664,-157.257
4.809,-2.518,-0.854,0.616,7.327,-159.775
4.809,-2.518,-0.853,0.616,7.327,-162.293
0,-3.664,-1.242,0.308,3.664,-165.957
4.809,-2.521,-0.855,0.616,7.331,-168.478
4.809,1.143,0.388,0.308,3.666,-167.335
4.813,-2.519,-0.854,0.616,7.332,-169.854
4.814,-2.52,-0.854,0.616,7.333,-172.373
0,-3.667,-1.243,0.308,3.667,-176.04
4.814,-2.52,-0.854,0.616,7.333,-178.56
4.813,1.147,0.389,0.308,3.666,-177.413
4.813,-2.52,-0.854,0.616,7.333,-179.933
4.813,-2.519,-0.854,0.616,7.332,-182.452
0,-3.668,-1.243,0.308,3.668,-186.12
4.812,-2.521,-0.854,0.616,7.333,-188.64
4.812,1.144,0.388,0.308,3.668,-187.496
4.817,-2.52,-0.854,0.617,7.337,-190.016
4.817,-2.521,-0.855,0.617,7.338,-192.537
0,-3.67,-1.244,0.308,3.67,-196.207
4.817,-2.523,-0.855,0.617,7.34,-198.729
4.817,1.148,0.389,0.308,3.67,-197.582
4.817,-2.522,-0.855,0.617,7.339,-200.104
4.817,-2.522,-0.855,0.617,7.339,-202.626
0,-3.669,-1.244,0.308,3.669,-206.295
4.817,-2.522,-0.855,0.617,7.34,-208.817
4.817,1.148,0.389,0.308,3.67,-207.67
4.816,-2.524,-0.856,0.617,7.339,-210.194
4.817,-2.517,-0.853,0.616,7.334,-212.711
0,-3.67,-1.244,0.308,3.67,-216.381
4.817,-2.52,-0.854,0.617,7.337,-218.9
4.816,1.15,0.39,0.308,3.666,-217.75
4.818,-2.521,-0.854,0.617,7.339,-220.27
4.812,-2.521,-0.854,0.616,7.333,-222.791
0,-3.666,-1.243,0.308,3.666,-226.457
4.813,-2.519,-0.854,0.616,7.332,-228.977
4.812,1.146,0.389,0.308,3.666,-227.83
4.813,-2.52,-0.854,0.616,7.332,-230.35
4.813,-1.288,-0.437,0.513,6.101,-231.638
0,-4.898,-1.66,0.412,4.898,-236.536
4.813,-2.519,-0.854,0.616,7.332,-239.055
4.812,1.146,0.389,0.308,3.666,-237.909
4.813,-2.519,-0.854,0.616,7.332,-240.428
4.812,-1.289,-0.437,0.513,6.1,-241.717
0,-4.897,-1.66,0.412,4.897,-246.614
4.812,-1.288,-0.437,0.513,6.1,-247.902
4.812,-0.085,-0.029,0.412,4.897,-247.987
4.812,-2.519,-0.854,0.616,7.331,-250.506
4.812,-0.048,-0.016,0.408,4.86,-250.554
0,-6.137,-2.08,0.516,6.137,-256.691
4.811,-1.288,-0.437,0.513,6.1,-257.98
4.812,-0.085,-0.029,0.412,4.897,-258.065
4.812,-2.519,-0.854,0.616,7.331,-260.584
4.81,-0.05,-0.017,0.408,4.86,-260.634
0,-6.137,-2.08,0.516,6.137,-266.77
4.812,-0.046,-0.016,0.408,4.858,-266.816
4.81,-1.327,-0.45,0.516,6.137,-268.143
4.812,-2.52,-0.854,0.616,7.332,-270.663
4.81,1.144,0.388,0.308,3.666,-269.518
0,-7.33,-2.485,0.616,7.33,-276.849
4.809,-0.051,-0.017,0.408,4.859,-276.899
4.812,-1.325,-0.449,0.516,6.137,-278.224
4.81,-2.518,-0.854,0.616,7.329,-280.742
4.809,1.145,0.388,0.308,3.664,-279.597
0,-7.327,-2.484,0.616,7.327,-286.924
4.809,1.145,0.388,0.308,3.664,-285.779
0,-3.665,-1.242,0.308,3.665,-289.444
Day,Volume(ml),Volume From Sample(ml),Volume/Gram(ml/g),Innoculum Avg(ml/g),Total Evolved(ml)
91.221,-47.757,-16.189,11.679,138.979,-47.757
96.015,-44.145,-14.964,11.778,140.16,-91.902
91.237,-50.245,-17.032,11.889,141.481,-142.147
91.418,-47.869,-16.227,11.705,139.287,-190.016
91.494,-47.893,-16.235,11.713,139.387,-237.909
91.411,-47.87,-16.227,11.704,139.282,-285.779
0,-3.665,-1.242,0.308,3.665,-289.444
54 Bryn 3,1,0,11.88,2.96,5.17
Hour,Volume(ml),Volume From Sample(ml),Volume/Gram(ml/g),Innoculum Avg(ml/g),Total Evolved(ml)
4.799,1.149,0.388,0.307,3.65,1.149
4.8,-2.501,-0.845,0.615,7.3,-1.351
4.8,-2.501,-0.845,0.615,7.301,-3.852
0,-3.651,-1.233,0.307,3.651,-7.503
4.801,-2.501,-0.845,0.615,7.302,-10.004
4.801,1.15,0.388,0.307,3.651,-8.854
4.801,-2.501,-0.845,0.615,7.302,-11.356
4.801,-2.501,-0.845,0.615,7.302,-13.857
0,-3.651,-1.233,0.307,3.651,-17.508
4.801,-2.501,-0.845,0.615,7.302,-20.009
4.801,1.15,0.388,0.307,3.651,-18.86
4.801,-2.501,-0.845,0.615,7.302,-21.36
4.801,-2.501,-0.845,0.615,7.302,-23.862
0,-3.651,-1.234,0.307,3.651,-27.513
4.801,-2.502,-0.845,0.615,7.303,-30.015
4.801,1.15,0.388,0.307,3.651,-28.865
4.801,-2.502,-0.845,0.615,7.303,-31.366
4.802,-2.501,-0.845,0.615,7.303,-33.868
0,-3.652,-1.234,0.307,3.652,-37.52
4.802,-2.502,-0.845,0.615,7.304,-40.022
4.802,1.15,0.389,0.307,3.652,-38.872
4.802,-2.502,-0.845,0.615,7.304,-41.374
4.802,-2.502,-0.845,0.615,7.304,-43.876
0,-3.652,-1.234,0.307,3.652,-47.528
4.802,-2.5,-0.845,0.615,7.303,-50.028
4.802,1.15,0.389,0.307,3.652,-48.878
4.802,-2.502,-0.845,0.615,7.305,-51.38
4.801,-2.503,-0.845,0.615,7.304,-53.883
0,-3.652,-1.234,0.307,3.652,-57.535
4.803,-2.502,-0.845,0.615,7.305,-60.037
4.803,1.153,0.389,0.307,3.65,-58.884
4.8,-2.504,-0.846,0.615,7.304,-61.388
4.799,-2.502,-0.845,0.615,7.302,-63.89
0,-3.65,-1.233,0.307,3.65,-67.54
4.8,-2.501,-0.845,0.615,7.3,-70.041
4.8,1.149,0.388,0.307,3.65,-68.892
4.8,-2.501,-0.845,0.615,7.3,-71.392
4.8,-1.274,-0.431,0.511,6.074,-72.667
0,-4.877,-1.648,0.411,4.877,-77.544
4.8,-2.501,-0.845,0.615,7.301,-80.045
4.8,1.15,0.388,0.307,3.651,-78.895
4.8,-2.501,-0.845,0.615,7.301,-81.396
4.8,-1.275,-0.431,0.511,6.075,-82.67
0,-4.877,-1.648,0.41,4.877,-87.547
4.8,-1.274,-0.43,0.511,6.074,-88.821
4.8,-0.077,-0.026,0.41,4.876,-88.898
4.802,-2.5,-0.845,0.615,7.302,-91.398
4.8,-0.04,-0.014,0.407,4.84,-91.439
0,-6.114,-2.065,0.515,6.114,-97.552
4.801,-1.276,-0.431,0.511,6.076,-98.828
4.802,-0.075,-0.025,0.411,4.877,-98.903
4.802,-2.5,-0.845,0.615,7.302,-101.403
4.804,-0.037,-0.013,0.407,4.841,-101.441
0,-6.114,-2.066,0.515,6.114,-107.555
4.8,-0.04,-0.014,0.407,4.84,-107.595
4.801,-1.312,-0.443,0.515,6.112,-108.906
4.801,-2.501,-0.845,0.615,7.302,-111.408
4.8,-0.04,-0.013,0.407,4.84,-111.447
0,-6.112,-2.065,0.514,6.112,-117.559
4.8,-0.039,-0.013,0.407,4.84,-117.599
4.802,-1.31,-0.443,0.514,6.112,-118.908
4.802,-2.499,-0.844,0.615,7.301,-121.407
4.8,1.15,0.388,0.307,3.65,-120.258
0,-7.302,-2.467,0.615,7.302,-127.56
4.8,1.15,0.388,0.307,3.651,-126.41
4.8,-2.502,-0.845,0.615,7.302,-128.912
4.804,-2.501,-0.845,0.615,7.305,-131.413
4.804,1.15,0.389,0.308,3.653,-130.262
0,-7.313,-2.47,0.616,7.313,-137.575
4.813,1.153,0.39,0.308,3.66,-136.422
4.808,-2.508,-0.847,0.616,7.315,-138.93
4.809,-2.5,-0.845,0.615,7.31,-141.43
0,-3.658,-1.236,0.308,3.658,-145.087
4.813,-2.507,-0.847,0.616,7.32,-147.595
4.809,1.152,0.389,0.308,3.657,-146.443
4.809,-2.506,-0.847,0.616,7.315,-148.949
4.809,-2.506,-0.847,0.616,7.315,-151.455
0,-3.658,-1.236,0.308,3.658,-155.112
4.809,-2.506,-0.847,0.616,7.315,-157.618
4.809,1.152,0.389,0.308,3.658,-156.466
4.809,-2.505,-0.846,0.616,7.315,-158.971
4.809,-2.506,-0.847,0.616,7.315,-161.477
0,-3.658,-1.236,0.308,3.658,-165.135
4.811,-2.507,-0.847,0.616,7.319,-167.642
4.811,1.151,0.389,0.308,3.66,-166.491
4.813,-2.506,-0.847,0.616,7.32,-168.997
4.813,-2.508,-0.847,0.616,7.321,-171.505
0,-3.661,-1.237,0.308,3.661,-175.166
4.813,-2.508,-0.847,0.616,7.321,-177.673
4.813,1.153,0.39,0.308,3.66,-176.52
4.813,-2.508,-0.847,0.616,7.32,-179.028
4.813,-2.507,-0.847,0.616,7.32,-181.535
0,-3.662,-1.237,0.308,3.662,-185.197
4.817,-2.504,-0.846,0.616,7.32,-187.701
4.812,1.15,0.389,0.308,3.662,-186.55
4.812,-2.513,-0.849,0.617,7.325,-189.063
4.817,-2.509,-0.847,0.617,7.326,-191.572
0,-3.664,-1.238,0.308,3.664,-195.236
4.817,-2.51,-0.848,0.617,7.327,-197.745
4.817,1.154,0.39,0.308,3.664,-196.592
4.817,-2.51,-0.848,0.617,7.327,-199.102
4.817,-2.509,-0.848,0.617,7.327,-201.611
0,-3.663,-1.238,0.308,3.663,-205.274
4.817,-2.51,-0.848,0.617,7.328,-207.785
4.817,1.154,0.39,0.308,3.664,-206.631
4.816,-2.511,-0.848,0.617,7.327,-209.142
4.816,-2.507,-0.847,0.616,7.322,-211.649
0,-3.664,-1.238,0.308,3.664,-215.312
4.817,-2.507,-0.847,0.617,7.325,-217.82
4.816,1.157,0.391,0.308,3.66,-216.663
4.816,-2.51,-0.848,0.617,7.326,-219.173
4.812,-2.508,-0.847,0.616,7.321,-221.682
0,-3.66,-1.236,0.308,3.66,-225.342
4.813,-2.507,-0.847,0.616,7.32,-227.849
4.812,1.152,0.389,0.308,3.66,-226.696
4.813,-2.507,-0.847,0.616,7.32,-229.204
4.813,-1.278,-0.432,0.513,6.091,-230.481
0,-4.89,-1.652,0.412,4.89,-235.371
4.812,-2.508,-0.847,0.616,7.32,-237.879
4.812,1.153,0.389,0.308,3.66,-236.726
4.813,-2.507,-0.847,0.616,7.32,-239.233
4.812,-1.278,-0.432,0.513,6.09,-240.511
0,-4.889,-1.652,0.412,4.889,-245.4
4.812,-1.278,-0.432,0.513,6.09,-246.678
4.812,-0.077,-0.026,0.412,4.889,-246.754
4.812,-2.507,-0.847,0.616,7.319,-249.261
4.812,-0.04,-0.013,0.408,4.851,-249.301
0,-6.127,-2.07,0.516,6.127,-255.428
4.812,-1.278,-0.432,0.513,6.09,-256.705
4.812,-0.077,-0.026,0.412,4.889,-256.782
4.812,-2.507,-0.847,0.616,7.319,-259.29
4.812,-0.04,-0.013,0.408,4.851,-259.329
0,-6.126,-2.07,0.516,6.126,-265.455
4.812,-0.037,-0.013,0.408,4.85,-265.493
4.812,-1.315,-0.444,0.516,6.127,-266.807
4.812,-2.507,-0.847,0.616,7.32,-269.315
4.812,1.152,0.389,0.308,3.66,-268.163
0,-7.318,-2.472,0.616,7.318,-275.481
4.809,-0.042,-0.014,0.408,4.851,-275.523
4.81,-1.316,-0.445,0.516,6.127,-276.839
4.81,-2.506,-0.847,0.616,7.316,-279.345
4.809,1.151,0.389,0.308,3.657,-278.194
0,-7.315,-2.471,0.616,7.315,-285.509
4.809,1.151,0.389,0.308,3.657,-284.358
0,-3.658,-1.236,0.308,3.658,-288.016
Day,Volume(ml),Volume From Sample(ml),Volume/Gram(ml/g),Innoculum Avg(ml/g),Total Evolved(ml)
91.217,-47.528,-16.057,11.679,138.745,-47.528
96.013,-43.911,-14.835,11.778,139.924,-91.439
91.253,-49.991,-16.889,11.889,141.244,-141.43
91.419,-47.634,-16.092,11.705,139.053,-189.063
91.49,-47.663,-16.102,11.713,139.153,-236.726
91.416,-47.632,-16.092,11.704,139.048,-284.358
0,-3.658,-1.236,0.308,3.658,-288.016
End of data,,,,,